target_id	length	eff_length	est_counts	tpm
gene_1|GeneMark.hmm|1029_nt|-|734|1762	1029	907.154	0	0
gene_2|GeneMark.hmm|741_nt|-|3862|4602	741	619.154	0	0
gene_3|GeneMark.hmm|330_nt|-|6989|7318	330	208.154	0	0
gene_4|GeneMark.hmm|684_nt|-|7479|8162	684	562.154	0	0
gene_5|GeneMark.hmm|312_nt|-|8559|8870	312	190.154	0	0
gene_6|GeneMark.hmm|405_nt|+|9205|9609	405	283.154	0	0
gene_7|GeneMark.hmm|675_nt|+|9928|10602	675	553.154	0	0
gene_8|GeneMark.hmm|1443_nt|+|10748|12190	1443	1321.15	0	0
gene_9|GeneMark.hmm|486_nt|-|14683|15168	486	364.154	0	0
gene_10|GeneMark.hmm|1122_nt|-|16447|17568	1122	1000.15	0	0
gene_11|GeneMark.hmm|597_nt|+|18305|18901	597	475.154	0	0
gene_12|GeneMark.hmm|1032_nt|-|19938|20969	1032	910.154	0	0
gene_13|GeneMark.hmm|960_nt|+|21086|22045	960	838.154	0	0
gene_14|GeneMark.hmm|483_nt|-|22360|22842	483	361.154	0	0
gene_15|GeneMark.hmm|1290_nt|+|22946|24235	1290	1168.15	0	0
gene_16|GeneMark.hmm|942_nt|-|24358|25299	942	820.154	0	0
gene_17|GeneMark.hmm|1875_nt|+|26326|28200	1875	1753.15	0	0
gene_18|GeneMark.hmm|387_nt|-|28668|29054	387	265.154	0	0
gene_19|GeneMark.hmm|1827_nt|+|29143|30969	1827	1705.15	0	0
gene_20|GeneMark.hmm|624_nt|+|31043|31666	624	502.154	0	0
gene_21|GeneMark.hmm|1062_nt|-|31907|32968	1062	940.154	0	0
gene_22|GeneMark.hmm|1278_nt|-|33043|34320	1278	1156.15	0	0
gene_23|GeneMark.hmm|357_nt|+|34945|35301	357	235.154	0	0
gene_24|GeneMark.hmm|2421_nt|-|35501|37921	2421	2299.15	1	9.36379
gene_25|GeneMark.hmm|624_nt|-|38093|38716	624	502.154	0	0
gene_26|GeneMark.hmm|417_nt|-|39396|39812	417	295.154	0	0
gene_27|GeneMark.hmm|2268_nt|-|40214|42481	2268	2146.15	0	0
gene_28|GeneMark.hmm|330_nt|+|42588|42917	330	208.154	0	0
gene_29|GeneMark.hmm|2535_nt|-|43048|45582	2535	2413.15	0	0
gene_30|GeneMark.hmm|831_nt|+|45670|46500	831	709.154	0	0
gene_31|GeneMark.hmm|321_nt|+|46592|46912	321	199.154	0	0
gene_32|GeneMark.hmm|1722_nt|-|47033|48754	1722	1600.15	0	0
gene_33|GeneMark.hmm|2667_nt|+|48872|51538	2667	2545.15	0	0
gene_34|GeneMark.hmm|741_nt|-|51424|52164	741	619.154	0	0
gene_35|GeneMark.hmm|558_nt|+|52256|52813	558	436.154	0	0
gene_36|GeneMark.hmm|1347_nt|-|53124|54470	1347	1225.15	0	0
gene_37|GeneMark.hmm|1737_nt|-|54598|56334	1737	1615.15	0	0
gene_38|GeneMark.hmm|540_nt|-|56398|56937	540	418.154	0	0
gene_39|GeneMark.hmm|1545_nt|-|57158|58702	1545	1423.15	1	15.1275
gene_40|GeneMark.hmm|1386_nt|-|59373|60758	1386	1264.15	0	0
gene_41|GeneMark.hmm|1152_nt|+|60976|62127	1152	1030.15	0	0
gene_42|GeneMark.hmm|3129_nt|+|62231|65359	3129	3007.15	0	0
gene_43|GeneMark.hmm|891_nt|-|65476|66366	891	769.154	0	0
gene_44|GeneMark.hmm|4467_nt|+|66574|71040	4467	4345.15	0	0
gene_45|GeneMark.hmm|657_nt|+|71262|71918	657	535.154	0	0
gene_46|GeneMark.hmm|648_nt|+|72247|72894	648	526.154	0	0
gene_47|GeneMark.hmm|480_nt|+|73005|73484	480	358.154	0	0
gene_48|GeneMark.hmm|891_nt|+|73706|74596	891	769.154	0	0
gene_49|GeneMark.hmm|891_nt|+|74723|75613	891	769.154	0	0
gene_50|GeneMark.hmm|420_nt|-|75616|76035	420	298.154	0	0
gene_51|GeneMark.hmm|543_nt|+|76184|76726	543	421.154	0	0
gene_52|GeneMark.hmm|1422_nt|+|76792|78213	1422	1300.15	0	0
gene_53|GeneMark.hmm|2730_nt|+|78337|81066	2730	2608.15	0	0
gene_54|GeneMark.hmm|954_nt|-|81182|82135	954	832.154	0	0
gene_55|GeneMark.hmm|633_nt|-|82228|82860	633	511.154	0	0
gene_56|GeneMark.hmm|531_nt|-|82930|83460	531	409.154	0	0
gene_57|GeneMark.hmm|2424_nt|+|83752|86175	2424	2302.15	0	0
gene_58|GeneMark.hmm|567_nt|+|86997|87563	567	445.154	0	0
gene_59|GeneMark.hmm|501_nt|+|87684|88184	501	379.154	0	0
gene_60|GeneMark.hmm|588_nt|-|88299|88886	588	466.154	0	0
gene_61|GeneMark.hmm|1224_nt|-|88962|90185	1224	1102.15	0	0
gene_62|GeneMark.hmm|528_nt|+|90678|91205	528	406.154	0	0
gene_63|GeneMark.hmm|483_nt|+|92473|92955	483	361.154	0	0
gene_64|GeneMark.hmm|525_nt|+|93033|93557	525	403.154	0	0
gene_65|GeneMark.hmm|960_nt|-|93827|94786	960	838.154	0	0
gene_66|GeneMark.hmm|1023_nt|-|95080|96102	1023	901.154	0	0
gene_67|GeneMark.hmm|780_nt|-|96805|97584	780	658.154	0	0
gene_68|GeneMark.hmm|453_nt|+|97693|98145	453	331.154	0	0
gene_69|GeneMark.hmm|360_nt|-|98398|98757	360	238.154	0	0
gene_70|GeneMark.hmm|720_nt|+|99283|100002	720	598.154	0	0
gene_71|GeneMark.hmm|339_nt|-|100530|100868	339	217.154	0	0
gene_72|GeneMark.hmm|1029_nt|+|101083|102111	1029	907.154	0	0
gene_73|GeneMark.hmm|537_nt|+|102435|102971	537	415.154	0	0
gene_74|GeneMark.hmm|723_nt|-|102973|103695	723	601.154	0	0
gene_75|GeneMark.hmm|1548_nt|-|103815|105362	1548	1426.15	0	0
gene_76|GeneMark.hmm|588_nt|-|105485|106072	588	466.154	0	0
gene_77|GeneMark.hmm|873_nt|+|106349|107221	873	751.154	0	0
gene_78|GeneMark.hmm|1821_nt|-|107265|109085	1821	1699.15	0	0
gene_79|GeneMark.hmm|1185_nt|-|109162|110346	1185	1063.15	0	0
gene_80|GeneMark.hmm|1149_nt|-|110722|111870	1149	1027.15	0	0
gene_81|GeneMark.hmm|393_nt|-|111922|112314	393	271.154	0	0
gene_82|GeneMark.hmm|390_nt|-|112409|112798	390	268.154	0	0
gene_83|GeneMark.hmm|1497_nt|-|112913|114409	1497	1375.15	0	0
gene_84|GeneMark.hmm|1089_nt|-|114506|115594	1089	967.154	0	0
gene_85|GeneMark.hmm|360_nt|+|115854|116213	360	238.154	0	0
gene_86|GeneMark.hmm|603_nt|-|116255|116857	603	481.154	0	0
gene_87|GeneMark.hmm|420_nt|+|117321|117740	420	298.154	0	0
gene_88|GeneMark.hmm|1149_nt|-|117751|118899	1149	1027.15	0	0
gene_89|GeneMark.hmm|1827_nt|-|119023|120849	1827	1705.15	0	0
gene_90|GeneMark.hmm|1104_nt|-|120989|122092	1104	982.154	0	0
gene_91|GeneMark.hmm|945_nt|-|122574|123518	945	823.154	0	0
gene_92|GeneMark.hmm|1263_nt|-|123670|124932	1263	1141.15	0	0
gene_93|GeneMark.hmm|1848_nt|+|125079|126926	1848	1726.15	0	0
gene_94|GeneMark.hmm|558_nt|-|126944|127501	558	436.154	0	0
gene_95|GeneMark.hmm|1359_nt|+|127594|128952	1359	1237.15	0	0
gene_96|GeneMark.hmm|327_nt|-|128953|129279	327	205.154	0	0
gene_97|GeneMark.hmm|417_nt|-|129357|129773	417	295.154	0	0
gene_98|GeneMark.hmm|1239_nt|+|129853|131091	1239	1117.15	0	0
gene_99|GeneMark.hmm|3012_nt|-|131088|134099	3012	2890.15	0	0
gene_100|GeneMark.hmm|945_nt|+|134187|135131	945	823.154	0	0
gene_101|GeneMark.hmm|417_nt|+|135172|135588	417	295.154	0	0
gene_102|GeneMark.hmm|642_nt|-|135589|136230	642	520.154	0	0
gene_103|GeneMark.hmm|642_nt|-|136265|136906	642	520.154	0	0
gene_104|GeneMark.hmm|681_nt|-|136975|137655	681	559.154	0	0
gene_105|GeneMark.hmm|1239_nt|+|137742|138980	1239	1117.15	0	0
gene_106|GeneMark.hmm|2964_nt|-|139049|142012	2964	2842.15	226	1711.91
gene_107|GeneMark.hmm|1512_nt|+|142103|143614	1512	1390.15	0	0
gene_108|GeneMark.hmm|606_nt|+|143723|144328	606	484.154	0	0
gene_109|GeneMark.hmm|708_nt|-|144620|145327	708	586.154	0	0
gene_110|GeneMark.hmm|480_nt|+|145414|145893	480	358.154	0	0
gene_111|GeneMark.hmm|1386_nt|+|145962|147347	1386	1264.15	0	0
gene_112|GeneMark.hmm|630_nt|+|147383|148012	630	508.154	0	0
gene_113|GeneMark.hmm|645_nt|-|148016|148660	645	523.154	0	0
gene_114|GeneMark.hmm|498_nt|+|148762|149259	498	376.154	0	0
gene_115|GeneMark.hmm|600_nt|-|149376|149975	600	478.154	0	0
gene_116|GeneMark.hmm|1797_nt|+|150056|151852	1797	1675.15	0	0
gene_117|GeneMark.hmm|312_nt|-|151937|152248	312	190.154	0	0
gene_118|GeneMark.hmm|843_nt|-|152729|153571	843	721.154	0	0
gene_119|GeneMark.hmm|1920_nt|-|153899|155818	1920	1798.15	0	0
gene_120|GeneMark.hmm|312_nt|-|155904|156215	312	190.154	0	0
gene_121|GeneMark.hmm|678_nt|+|156413|157090	678	556.154	0	0
gene_122|GeneMark.hmm|1302_nt|-|157171|158472	1302	1180.15	0	0
gene_123|GeneMark.hmm|702_nt|-|158556|159257	702	580.154	0	0
gene_124|GeneMark.hmm|330_nt|-|159537|159866	330	208.154	0	0
gene_125|GeneMark.hmm|1869_nt|-|160007|161875	1869	1747.15	0	0
gene_126|GeneMark.hmm|1416_nt|+|162083|163498	1416	1294.15	0	0
gene_127|GeneMark.hmm|762_nt|+|163491|164252	762	640.154	0	0
gene_128|GeneMark.hmm|639_nt|-|164257|164895	639	517.154	0	0
gene_129|GeneMark.hmm|1266_nt|+|166755|168020	1266	1144.15	0	0
gene_130|GeneMark.hmm|1227_nt|-|168095|169321	1227	1105.15	0	0
gene_131|GeneMark.hmm|612_nt|+|169771|170382	612	490.154	0	0
gene_132|GeneMark.hmm|744_nt|+|171352|172095	744	622.154	0	0
gene_133|GeneMark.hmm|1755_nt|+|172232|173986	1755	1633.15	0	0
gene_134|GeneMark.hmm|309_nt|+|174048|174356	309	187.154	0	0
gene_135|GeneMark.hmm|939_nt|-|174364|175302	939	817.154	0	0
gene_136|GeneMark.hmm|327_nt|-|175576|175902	327	205.154	0	0
gene_137|GeneMark.hmm|1200_nt|-|176055|177254	1200	1078.15	0	0
gene_138|GeneMark.hmm|6351_nt|-|177334|183684	6351	6229.15	0	0
gene_139|GeneMark.hmm|555_nt|+|183806|184360	555	433.154	0	0
gene_140|GeneMark.hmm|849_nt|+|184413|185261	849	727.154	0	0
gene_141|GeneMark.hmm|699_nt|+|185350|186048	699	577.154	0	0
gene_142|GeneMark.hmm|1572_nt|+|186120|187691	1572	1450.15	0	0
gene_143|GeneMark.hmm|630_nt|+|187713|188342	630	508.154	0	0
gene_144|GeneMark.hmm|4395_nt|+|188494|192888	4395	4273.15	0	0
gene_145|GeneMark.hmm|375_nt|-|192890|193264	375	253.154	0	0
gene_146|GeneMark.hmm|906_nt|+|193364|194269	906	784.154	0	0
gene_147|GeneMark.hmm|2172_nt|+|194368|196539	2172	2050.15	0	0
gene_148|GeneMark.hmm|321_nt|+|196657|196977	321	199.154	0	0
gene_149|GeneMark.hmm|732_nt|+|197058|197789	732	610.154	0	0
gene_150|GeneMark.hmm|1488_nt|+|197832|199319	1488	1366.15	0	0
gene_151|GeneMark.hmm|1152_nt|-|199352|200503	1152	1030.15	0	0
gene_152|GeneMark.hmm|3966_nt|-|200845|204810	3966	3844.15	0	0
gene_153|GeneMark.hmm|5511_nt|-|204908|210418	5511	5389.15	0	0
gene_154|GeneMark.hmm|756_nt|+|210513|211268	756	634.154	0	0
gene_155|GeneMark.hmm|1155_nt|+|211335|212489	1155	1033.15	0	0
gene_156|GeneMark.hmm|1353_nt|+|212533|213885	1353	1231.15	0	0
gene_157|GeneMark.hmm|1356_nt|+|213927|215282	1356	1234.15	3	52.3325
gene_158|GeneMark.hmm|1059_nt|-|215290|216348	1059	937.154	0	0
gene_159|GeneMark.hmm|2088_nt|+|216527|218614	2088	1966.15	0	0
gene_160|GeneMark.hmm|771_nt|-|218627|219397	771	649.154	0	0
gene_161|GeneMark.hmm|627_nt|-|219449|220075	627	505.154	0	0
gene_162|GeneMark.hmm|1248_nt|+|220183|221430	1248	1126.15	0	0
gene_163|GeneMark.hmm|717_nt|-|221803|222519	717	595.154	0	0
gene_164|GeneMark.hmm|1254_nt|-|222579|223832	1254	1132.15	0	0
gene_165|GeneMark.hmm|1464_nt|-|223978|225441	1464	1342.15	0	0
gene_166|GeneMark.hmm|1080_nt|-|225353|226432	1080	958.154	0	0
gene_167|GeneMark.hmm|864_nt|-|226510|227373	864	742.154	0	0
gene_168|GeneMark.hmm|702_nt|+|227462|228163	702	580.154	0	0
gene_169|GeneMark.hmm|498_nt|-|228508|229005	498	376.154	0	0
gene_170|GeneMark.hmm|804_nt|+|229164|229967	804	682.154	0	0
gene_171|GeneMark.hmm|618_nt|+|230025|230642	618	496.154	0	0
gene_172|GeneMark.hmm|330_nt|-|230658|230987	330	208.154	0	0
gene_173|GeneMark.hmm|771_nt|-|231688|232458	771	649.154	0	0
gene_174|GeneMark.hmm|1005_nt|-|232533|233537	1005	883.154	0	0
gene_175|GeneMark.hmm|3912_nt|-|233887|237798	3912	3790.15	0	0
gene_176|GeneMark.hmm|306_nt|-|237888|238193	306	184.154	0	0
gene_177|GeneMark.hmm|1905_nt|+|238336|240240	1905	1783.15	0	0
gene_178|GeneMark.hmm|1464_nt|+|240281|241744	1464	1342.15	0	0
gene_179|GeneMark.hmm|807_nt|+|241814|242620	807	685.154	0	0
gene_180|GeneMark.hmm|1473_nt|+|243216|244688	1473	1351.15	0	0
gene_181|GeneMark.hmm|468_nt|-|244692|245159	468	346.154	0	0
gene_182|GeneMark.hmm|786_nt|+|245577|246362	786	664.154	0	0
gene_183|GeneMark.hmm|792_nt|+|246298|247089	792	670.154	0	0
gene_184|GeneMark.hmm|2514_nt|-|247112|249625	2514	2392.15	0	0
gene_185|GeneMark.hmm|372_nt|-|250021|250392	372	250.154	0	0
gene_186|GeneMark.hmm|1152_nt|+|250800|251951	1152	1030.15	0	0
gene_187|GeneMark.hmm|489_nt|-|252563|253051	489	367.154	0	0
gene_188|GeneMark.hmm|834_nt|+|253124|253957	834	712.154	0	0
gene_189|GeneMark.hmm|918_nt|-|254278|255195	918	796.154	0	0
gene_190|GeneMark.hmm|885_nt|-|255302|256186	885	763.154	0	0
gene_191|GeneMark.hmm|498_nt|-|256363|256860	498	376.154	0	0
gene_192|GeneMark.hmm|966_nt|-|257436|258401	966	844.154	0	0
gene_193|GeneMark.hmm|558_nt|+|258922|259479	558	436.154	0	0
gene_194|GeneMark.hmm|963_nt|+|259557|260519	963	841.154	0	0
gene_195|GeneMark.hmm|1938_nt|-|260534|262471	1938	1816.15	0	0
gene_196|GeneMark.hmm|717_nt|+|262864|263580	717	595.154	0	0
gene_197|GeneMark.hmm|1215_nt|+|264121|265335	1215	1093.15	0	0
gene_198|GeneMark.hmm|1308_nt|+|265401|266708	1308	1186.15	0	0
gene_199|GeneMark.hmm|822_nt|+|266787|267608	822	700.154	0	0
gene_200|GeneMark.hmm|531_nt|+|267767|268297	531	409.154	0	0
gene_201|GeneMark.hmm|975_nt|-|268318|269292	975	853.154	2.01119	50.7511
gene_202|GeneMark.hmm|981_nt|-|269341|270321	981	859.154	0	0
gene_203|GeneMark.hmm|420_nt|+|270422|270841	420	298.154	0	0
gene_204|GeneMark.hmm|555_nt|+|270894|271448	555	433.154	0	0
gene_205|GeneMark.hmm|906_nt|+|271524|272429	906	784.154	0	0
gene_206|GeneMark.hmm|1068_nt|+|272517|273584	1068	946.154	0	0
gene_207|GeneMark.hmm|444_nt|+|273656|274099	444	322.154	0	0
gene_208|GeneMark.hmm|441_nt|+|274146|274586	441	319.154	0	0
gene_209|GeneMark.hmm|510_nt|-|274595|275104	510	388.154	0	0
gene_210|GeneMark.hmm|987_nt|+|276021|277007	987	865.154	0	0
gene_211|GeneMark.hmm|693_nt|-|277008|277700	693	571.154	0	0
gene_212|GeneMark.hmm|450_nt|+|277803|278252	450	328.154	0	0
gene_213|GeneMark.hmm|789_nt|+|278357|279145	789	667.154	0	0
gene_214|GeneMark.hmm|906_nt|+|279458|280363	906	784.154	0	0
gene_215|GeneMark.hmm|465_nt|+|280846|281310	465	343.154	0	0
gene_216|GeneMark.hmm|1305_nt|-|281342|282646	1305	1183.15	0	0
gene_217|GeneMark.hmm|414_nt|-|283226|283639	414	292.154	0	0
gene_218|GeneMark.hmm|738_nt|+|283741|284478	738	616.154	0	0
gene_219|GeneMark.hmm|603_nt|+|284592|285194	603	481.154	0	0
gene_220|GeneMark.hmm|1173_nt|+|285291|286463	1173	1051.15	0	0
gene_221|GeneMark.hmm|432_nt|+|286772|287203	432	310.154	0	0
gene_222|GeneMark.hmm|1836_nt|+|287625|289460	1836	1714.15	0	0
gene_223|GeneMark.hmm|396_nt|+|289533|289928	396	274.154	0	0
gene_224|GeneMark.hmm|942_nt|+|290243|291184	942	820.154	0	0
gene_225|GeneMark.hmm|756_nt|+|291254|292009	756	634.154	0	0
gene_226|GeneMark.hmm|1461_nt|-|292061|293521	1461	1339.15	0	0
gene_227|GeneMark.hmm|1269_nt|+|293571|294839	1269	1147.15	0	0
gene_228|GeneMark.hmm|3003_nt|-|294865|297867	3003	2881.15	0	0
gene_229|GeneMark.hmm|1212_nt|+|298029|299240	1212	1090.15	0	0
gene_230|GeneMark.hmm|579_nt|-|299237|299815	579	457.154	0	0
gene_231|GeneMark.hmm|564_nt|-|299960|300523	564	442.154	0	0
gene_232|GeneMark.hmm|1005_nt|-|300575|301579	1005	883.154	555.989	13553.4
gene_233|GeneMark.hmm|1863_nt|-|301657|303519	1863	1741.15	0	0
gene_234|GeneMark.hmm|1269_nt|+|303565|304833	1269	1147.15	0	0
gene_235|GeneMark.hmm|1230_nt|+|304967|306196	1230	1108.15	0	0
gene_236|GeneMark.hmm|1233_nt|-|306339|307571	1233	1111.15	0	0
gene_237|GeneMark.hmm|873_nt|+|308022|308894	873	751.154	0	0
gene_238|GeneMark.hmm|624_nt|+|308956|309579	624	502.154	0	0
gene_239|GeneMark.hmm|522_nt|+|310018|310539	522	400.154	0	0
gene_240|GeneMark.hmm|600_nt|-|310627|311226	600	478.154	0	0
gene_241|GeneMark.hmm|561_nt|+|311421|311981	561	439.154	0	0
gene_242|GeneMark.hmm|357_nt|+|312194|312550	357	235.154	0	0
gene_243|GeneMark.hmm|3168_nt|+|313330|316497	3168	3046.15	0	0
gene_244|GeneMark.hmm|357_nt|+|316618|316974	357	235.154	0	0
gene_245|GeneMark.hmm|462_nt|-|316964|317425	462	340.154	0	0
gene_246|GeneMark.hmm|954_nt|-|317551|318504	954	832.154	0	0
gene_247|GeneMark.hmm|393_nt|-|318612|319004	393	271.154	0	0
gene_248|GeneMark.hmm|1089_nt|-|319517|320605	1089	967.154	0	0
gene_249|GeneMark.hmm|300_nt|+|320705|321004	300	178.154	0	0
gene_250|GeneMark.hmm|600_nt|-|321318|321917	600	478.154	0	0
gene_251|GeneMark.hmm|591_nt|+|321986|322576	591	469.154	0	0
gene_252|GeneMark.hmm|462_nt|-|322633|323094	462	340.154	0	0
gene_253|GeneMark.hmm|507_nt|+|323169|323675	507	385.154	0	0
gene_254|GeneMark.hmm|885_nt|-|323815|324699	885	763.154	0	0
gene_255|GeneMark.hmm|822_nt|+|324777|325598	822	700.154	0	0
gene_256|GeneMark.hmm|408_nt|+|325757|326164	408	286.154	0	0
gene_257|GeneMark.hmm|432_nt|-|326496|326927	432	310.154	0	0
gene_258|GeneMark.hmm|783_nt|+|327126|327908	783	661.154	0	0
gene_259|GeneMark.hmm|762_nt|+|328130|328891	762	640.154	0	0
gene_260|GeneMark.hmm|1314_nt|-|328912|330225	1314	1192.15	0	0
gene_261|GeneMark.hmm|687_nt|-|330275|330961	687	565.154	0	0
gene_262|GeneMark.hmm|879_nt|-|331099|331977	879	757.154	0	0
gene_263|GeneMark.hmm|966_nt|-|332144|333109	966	844.154	0	0
gene_264|GeneMark.hmm|864_nt|-|333170|334033	864	742.154	0	0
gene_265|GeneMark.hmm|1650_nt|+|334119|335768	1650	1528.15	0	0
gene_266|GeneMark.hmm|345_nt|-|335761|336105	345	223.154	0	0
gene_267|GeneMark.hmm|639_nt|-|336163|336801	639	517.154	0	0
gene_268|GeneMark.hmm|1260_nt|-|336843|338102	1260	1138.15	0	0
gene_269|GeneMark.hmm|1098_nt|+|338232|339329	1098	976.154	0	0
gene_270|GeneMark.hmm|609_nt|-|341026|341634	609	487.154	0	0
gene_271|GeneMark.hmm|966_nt|-|341717|342682	966	844.154	0	0
gene_272|GeneMark.hmm|1011_nt|+|342776|343786	1011	889.154	0	0
gene_273|GeneMark.hmm|852_nt|-|343791|344642	852	730.154	0	0
gene_274|GeneMark.hmm|303_nt|-|345165|345467	303	181.154	0	0
gene_275|GeneMark.hmm|2946_nt|+|345543|348488	2946	2824.15	0	0
gene_276|GeneMark.hmm|1704_nt|+|348569|350272	1704	1582.15	2.06124	28.0479
gene_277|GeneMark.hmm|501_nt|-|351436|351936	501	379.154	0	0
gene_278|GeneMark.hmm|831_nt|-|352284|353114	831	709.154	0	0
gene_279|GeneMark.hmm|369_nt|-|353584|353952	369	247.154	0	0
gene_280|GeneMark.hmm|648_nt|-|354408|355055	648	526.154	0	0
gene_281|GeneMark.hmm|555_nt|-|355610|356164	555	433.154	0	0
gene_282|GeneMark.hmm|1800_nt|+|356258|358057	1800	1678.15	0	0
gene_283|GeneMark.hmm|603_nt|-|358054|358656	603	481.154	1	44.7441
gene_284|GeneMark.hmm|498_nt|-|358727|359224	498	376.154	0	0
gene_285|GeneMark.hmm|867_nt|-|359304|360170	867	745.154	0	0
gene_286|GeneMark.hmm|618_nt|-|360227|360844	618	496.154	0	0
gene_287|GeneMark.hmm|396_nt|-|361039|361434	396	274.154	0	0
gene_288|GeneMark.hmm|825_nt|-|361835|362659	825	703.154	0	0
gene_289|GeneMark.hmm|327_nt|+|362745|363071	327	205.154	0	0
gene_290|GeneMark.hmm|474_nt|+|363225|363698	474	352.154	0	0
gene_291|GeneMark.hmm|1482_nt|-|363701|365182	1482	1360.15	0	0
gene_292|GeneMark.hmm|447_nt|-|365292|365738	447	325.154	0	0
gene_293|GeneMark.hmm|993_nt|-|365831|366823	993	871.154	0	0
gene_294|GeneMark.hmm|324_nt|+|366945|367268	324	202.154	0	0
gene_295|GeneMark.hmm|561_nt|+|367353|367913	561	439.154	0	0
gene_296|GeneMark.hmm|753_nt|-|367914|368666	753	631.154	0	0
gene_297|GeneMark.hmm|2268_nt|-|368772|371039	2268	2146.15	0	0
gene_298|GeneMark.hmm|3798_nt|+|371162|374959	3798	3676.15	158	925.301
gene_299|GeneMark.hmm|1479_nt|+|375063|376541	1479	1357.15	0	0
gene_300|GeneMark.hmm|1620_nt|+|376626|378245	1620	1498.15	0	0
gene_301|GeneMark.hmm|3333_nt|+|378283|381615	3333	3211.15	0	0
gene_302|GeneMark.hmm|1155_nt|-|381982|383136	1155	1033.15	0	0
gene_303|GeneMark.hmm|4926_nt|-|383391|388316	4926	4804.15	0	0
gene_304|GeneMark.hmm|825_nt|-|388586|389410	825	703.154	0	0
gene_305|GeneMark.hmm|2169_nt|-|389678|391846	2169	2047.15	0	0
gene_306|GeneMark.hmm|1083_nt|+|391990|393072	1083	961.154	0	0
gene_307|GeneMark.hmm|2853_nt|-|393069|395921	2853	2731.15	0	0
gene_308|GeneMark.hmm|1791_nt|-|396096|397886	1791	1669.15	0	0
gene_309|GeneMark.hmm|3534_nt|-|398042|401575	3534	3412.15	1323.91	8353.11
gene_310|GeneMark.hmm|696_nt|-|401701|402396	696	574.154	0	0
gene_311|GeneMark.hmm|780_nt|-|402575|403354	780	658.154	0	0
gene_312|GeneMark.hmm|2226_nt|-|403533|405758	2226	2104.15	0	0
gene_313|GeneMark.hmm|1293_nt|-|405766|407058	1293	1171.15	0	0
gene_314|GeneMark.hmm|975_nt|-|407109|408083	975	853.154	0	0
gene_315|GeneMark.hmm|1923_nt|-|408301|410223	1923	1801.15	0	0
gene_316|GeneMark.hmm|537_nt|+|410354|410890	537	415.154	0	0
gene_317|GeneMark.hmm|648_nt|-|411064|411711	648	526.154	0	0
gene_318|GeneMark.hmm|621_nt|-|411759|412379	621	499.154	0	0
gene_319|GeneMark.hmm|309_nt|-|412457|412765	309	187.154	0	0
gene_320|GeneMark.hmm|4971_nt|-|412915|417885	4971	4849.15	0	0
gene_321|GeneMark.hmm|2811_nt|-|417944|420754	2811	2689.15	0	0
gene_322|GeneMark.hmm|1911_nt|+|421176|423086	1911	1789.15	0	0
gene_323|GeneMark.hmm|660_nt|-|423578|424237	660	538.154	0	0
gene_324|GeneMark.hmm|993_nt|-|424278|425270	993	871.154	0	0
gene_325|GeneMark.hmm|624_nt|-|425308|425931	624	502.154	0	0
gene_326|GeneMark.hmm|441_nt|-|426224|426664	441	319.154	0	0
gene_327|GeneMark.hmm|978_nt|-|427060|428037	978	856.154	0	0
gene_328|GeneMark.hmm|1461_nt|+|428144|429604	1461	1339.15	0	0
gene_329|GeneMark.hmm|396_nt|-|429617|430012	396	274.154	0	0
gene_330|GeneMark.hmm|1269_nt|+|430123|431391	1269	1147.15	0	0
gene_331|GeneMark.hmm|348_nt|-|431464|431811	348	226.154	0	0
gene_332|GeneMark.hmm|2301_nt|-|431964|434264	2301	2179.15	0	0
gene_333|GeneMark.hmm|903_nt|+|434453|435355	903	781.154	0	0
gene_334|GeneMark.hmm|1071_nt|-|435370|436440	1071	949.154	0	0
gene_335|GeneMark.hmm|654_nt|+|436845|437498	654	532.154	0	0
gene_336|GeneMark.hmm|2490_nt|+|437819|440308	2490	2368.15	0	0
gene_337|GeneMark.hmm|381_nt|-|440314|440694	381	259.154	0	0
gene_338|GeneMark.hmm|1047_nt|-|440999|442045	1047	925.154	0	0
gene_339|GeneMark.hmm|1626_nt|-|442203|443828	1626	1504.15	0	0
gene_340|GeneMark.hmm|717_nt|-|443924|444640	717	595.154	0	0
gene_341|GeneMark.hmm|1197_nt|-|444734|445930	1197	1075.15	0	0
gene_342|GeneMark.hmm|603_nt|-|446092|446694	603	481.154	0	0
gene_343|GeneMark.hmm|588_nt|-|446754|447341	588	466.154	0	0
gene_344|GeneMark.hmm|789_nt|+|447443|448231	789	667.154	0	0
gene_345|GeneMark.hmm|393_nt|+|448269|448661	393	271.154	0	0
gene_346|GeneMark.hmm|1062_nt|+|448745|449806	1062	940.154	0	0
gene_347|GeneMark.hmm|621_nt|+|449888|450508	621	499.154	0	0
gene_348|GeneMark.hmm|393_nt|+|450574|450966	393	271.154	0	0
gene_349|GeneMark.hmm|807_nt|-|451040|451846	807	685.154	0	0
gene_350|GeneMark.hmm|468_nt|-|451912|452379	468	346.154	0	0
gene_351|GeneMark.hmm|1917_nt|+|452444|454360	1917	1795.15	0	0
gene_352|GeneMark.hmm|552_nt|+|454435|454986	552	430.154	0	0
gene_353|GeneMark.hmm|1161_nt|+|455093|456253	1161	1039.15	0	0
gene_354|GeneMark.hmm|687_nt|+|457067|457753	687	565.154	0	0
gene_355|GeneMark.hmm|627_nt|+|458019|458645	627	505.154	0	0
gene_356|GeneMark.hmm|3531_nt|+|458758|462288	3531	3409.15	0	0
gene_357|GeneMark.hmm|942_nt|-|462469|463410	942	820.154	0	0
gene_358|GeneMark.hmm|1350_nt|+|463609|464958	1350	1228.15	0	0
gene_359|GeneMark.hmm|1335_nt|+|465053|466387	1335	1213.15	0	0
gene_360|GeneMark.hmm|735_nt|+|466428|467162	735	613.154	0	0
gene_361|GeneMark.hmm|927_nt|-|467318|468244	927	805.154	0	0
gene_362|GeneMark.hmm|456_nt|-|468288|468743	456	334.154	0	0
gene_363|GeneMark.hmm|678_nt|+|468859|469536	678	556.154	0	0
gene_364|GeneMark.hmm|1224_nt|+|469563|470786	1224	1102.15	0	0
gene_365|GeneMark.hmm|690_nt|-|470904|471593	690	568.154	0	0
gene_366|GeneMark.hmm|1512_nt|+|471698|473209	1512	1390.15	0	0
gene_367|GeneMark.hmm|2718_nt|-|473228|475945	2718	2596.15	0	0
gene_368|GeneMark.hmm|438_nt|+|476558|476995	438	316.154	0	0
gene_369|GeneMark.hmm|834_nt|-|477028|477861	834	712.154	0	0
gene_370|GeneMark.hmm|684_nt|-|477934|478617	684	562.154	0	0
gene_371|GeneMark.hmm|1698_nt|-|479019|480716	1698	1576.15	0	0
gene_372|GeneMark.hmm|1575_nt|-|480775|482349	1575	1453.15	0	0
gene_373|GeneMark.hmm|747_nt|-|482508|483254	747	625.154	0	0
gene_374|GeneMark.hmm|699_nt|-|483322|484020	699	577.154	0	0
gene_375|GeneMark.hmm|633_nt|+|484121|484753	633	511.154	0	0
gene_376|GeneMark.hmm|777_nt|+|484836|485612	777	655.154	0	0
gene_377|GeneMark.hmm|1029_nt|-|485621|486649	1029	907.154	0	0
gene_378|GeneMark.hmm|372_nt|+|486755|487126	372	250.154	0	0
gene_379|GeneMark.hmm|441_nt|+|487199|487639	441	319.154	0	0
gene_380|GeneMark.hmm|423_nt|-|487631|488053	423	301.154	0	0
gene_381|GeneMark.hmm|513_nt|-|488166|488678	513	391.154	0	0
gene_382|GeneMark.hmm|1224_nt|+|489325|490548	1224	1102.15	0	0
gene_383|GeneMark.hmm|942_nt|+|490808|491749	942	820.154	0	0
gene_384|GeneMark.hmm|3555_nt|+|491831|495385	3555	3433.15	47	294.73
gene_385|GeneMark.hmm|579_nt|+|495561|496139	579	457.154	0	0
gene_386|GeneMark.hmm|882_nt|+|496230|497111	882	760.154	0	0
gene_387|GeneMark.hmm|1143_nt|-|497190|498332	1143	1021.15	0	0
gene_388|GeneMark.hmm|597_nt|-|498443|499039	597	475.154	0	0
gene_389|GeneMark.hmm|1194_nt|+|499428|500621	1194	1072.15	0	0
gene_390|GeneMark.hmm|1266_nt|-|500624|501889	1266	1144.15	0	0
gene_391|GeneMark.hmm|987_nt|-|501965|502951	987	865.154	0	0
gene_392|GeneMark.hmm|603_nt|+|503032|503634	603	481.154	0	0
gene_393|GeneMark.hmm|1083_nt|-|503703|504785	1083	961.154	0	0
gene_394|GeneMark.hmm|834_nt|-|505138|505971	834	712.154	22.9992	695.277
gene_395|GeneMark.hmm|2379_nt|-|506075|508453	2379	2257.15	0	0
gene_396|GeneMark.hmm|432_nt|-|508536|508967	432	310.154	0	0
gene_397|GeneMark.hmm|789_nt|-|508980|509768	789	667.154	0	0
gene_398|GeneMark.hmm|996_nt|+|509829|510824	996	874.154	0	0
gene_399|GeneMark.hmm|663_nt|-|510843|511505	663	541.154	0	0
gene_400|GeneMark.hmm|1002_nt|+|511565|512566	1002	880.154	0	0
gene_401|GeneMark.hmm|966_nt|+|513108|514073	966	844.154	0	0
gene_402|GeneMark.hmm|981_nt|-|514305|515285	981	859.154	0	0
gene_403|GeneMark.hmm|456_nt|+|515475|515930	456	334.154	0	0
gene_404|GeneMark.hmm|972_nt|-|515961|516932	972	850.154	0	0
gene_405|GeneMark.hmm|468_nt|-|517011|517478	468	346.154	0	0
gene_406|GeneMark.hmm|429_nt|-|517519|517947	429	307.154	0	0
gene_407|GeneMark.hmm|3423_nt|-|519373|522795	3423	3301.15	0	0
gene_408|GeneMark.hmm|615_nt|-|522920|523534	615	493.154	0	0
gene_409|GeneMark.hmm|1878_nt|+|523455|525332	1878	1756.15	0	0
gene_410|GeneMark.hmm|1698_nt|+|525517|527214	1698	1576.15	0	0
gene_411|GeneMark.hmm|360_nt|-|527224|527583	360	238.154	0	0
gene_412|GeneMark.hmm|1515_nt|+|527645|529159	1515	1393.15	0	0
gene_413|GeneMark.hmm|768_nt|+|529225|529992	768	646.154	0	0
gene_414|GeneMark.hmm|678_nt|-|529985|530662	678	556.154	0	0
gene_415|GeneMark.hmm|468_nt|+|531321|531788	468	346.154	0	0
gene_416|GeneMark.hmm|600_nt|+|532572|533171	600	478.154	0	0
gene_417|GeneMark.hmm|375_nt|+|533469|533843	375	253.154	0	0
gene_418|GeneMark.hmm|1437_nt|+|534092|535528	1437	1315.15	0	0
gene_419|GeneMark.hmm|759_nt|-|535506|536264	759	637.154	0	0
gene_420|GeneMark.hmm|360_nt|+|536396|536755	360	238.154	0	0
gene_421|GeneMark.hmm|1431_nt|-|536761|538191	1431	1309.15	0	0
gene_422|GeneMark.hmm|564_nt|+|538412|538975	564	442.154	0	0
gene_423|GeneMark.hmm|381_nt|+|539012|539392	381	259.154	0	0
gene_424|GeneMark.hmm|861_nt|+|540053|540913	861	739.154	0	0
gene_425|GeneMark.hmm|897_nt|-|541279|542175	897	775.154	0	0
gene_426|GeneMark.hmm|1485_nt|+|542311|543795	1485	1363.15	0	0
gene_427|GeneMark.hmm|621_nt|+|544573|545193	621	499.154	0	0
gene_428|GeneMark.hmm|582_nt|+|545252|545833	582	460.154	148	6924.33
gene_429|GeneMark.hmm|855_nt|+|545991|546845	855	733.154	0	0
gene_430|GeneMark.hmm|1125_nt|+|547473|548597	1125	1003.15	0	0
gene_431|GeneMark.hmm|741_nt|-|548952|549692	741	619.154	0	0
gene_432|GeneMark.hmm|1818_nt|+|550605|552422	1818	1696.15	0	0
gene_433|GeneMark.hmm|639_nt|+|552578|553216	639	517.154	0	0
gene_434|GeneMark.hmm|681_nt|-|553307|553987	681	559.154	0	0
gene_435|GeneMark.hmm|723_nt|-|554043|554765	723	601.154	0	0
gene_436|GeneMark.hmm|1431_nt|-|554833|556263	1431	1309.15	0	0
gene_437|GeneMark.hmm|1722_nt|+|556726|558447	1722	1600.15	0	0
gene_438|GeneMark.hmm|480_nt|+|558894|559373	480	358.154	0	0
gene_439|GeneMark.hmm|1383_nt|-|560293|561675	1383	1261.15	0	0
gene_440|GeneMark.hmm|1320_nt|+|561757|563076	1320	1198.15	0	0
gene_441|GeneMark.hmm|960_nt|-|563810|564769	960	838.154	0	0
gene_442|GeneMark.hmm|480_nt|-|564816|565295	480	358.154	0	0
gene_443|GeneMark.hmm|723_nt|-|565359|566081	723	601.154	0	0
gene_444|GeneMark.hmm|597_nt|+|566618|567214	597	475.154	0	0
gene_445|GeneMark.hmm|858_nt|-|567295|568152	858	736.154	0	0
gene_446|GeneMark.hmm|1446_nt|+|568983|570428	1446	1324.15	0	0
gene_447|GeneMark.hmm|1008_nt|+|570845|571852	1008	886.154	0	0
gene_448|GeneMark.hmm|1557_nt|+|571944|573500	1557	1435.15	0	0
gene_449|GeneMark.hmm|540_nt|-|573497|574036	540	418.154	0	0
gene_450|GeneMark.hmm|2403_nt|+|574084|576486	2403	2281.15	0	0
gene_451|GeneMark.hmm|969_nt|+|577007|577975	969	847.154	0	0
gene_452|GeneMark.hmm|738_nt|+|578288|579025	738	616.154	0	0
gene_453|GeneMark.hmm|585_nt|-|579041|579625	585	463.154	0	0
gene_454|GeneMark.hmm|696_nt|-|579885|580580	696	574.154	0	0
gene_455|GeneMark.hmm|1191_nt|-|580624|581814	1191	1069.15	0	0
gene_456|GeneMark.hmm|1584_nt|-|582075|583658	1584	1462.15	0	0
gene_457|GeneMark.hmm|849_nt|+|583910|584758	849	727.154	0	0
gene_458|GeneMark.hmm|432_nt|-|584755|585186	432	310.154	0	0
gene_459|GeneMark.hmm|660_nt|-|585557|586216	660	538.154	0	0
gene_460|GeneMark.hmm|1539_nt|-|587097|588635	1539	1417.15	0	0
gene_461|GeneMark.hmm|783_nt|+|589841|590623	783	661.154	0	0
gene_462|GeneMark.hmm|549_nt|-|590739|591287	549	427.154	0	0
gene_463|GeneMark.hmm|510_nt|+|591397|591906	510	388.154	0	0
gene_464|GeneMark.hmm|1293_nt|-|592015|593307	1293	1171.15	16	294.121
gene_465|GeneMark.hmm|609_nt|-|593398|594006	609	487.154	0	0
gene_466|GeneMark.hmm|1152_nt|+|594149|595300	1152	1030.15	0	0
gene_467|GeneMark.hmm|5805_nt|+|595433|601237	5805	5683.15	0	0
gene_468|GeneMark.hmm|1335_nt|+|601295|602629	1335	1213.15	0	0
gene_469|GeneMark.hmm|1581_nt|-|602634|604214	1581	1459.15	0	0
gene_470|GeneMark.hmm|8526_nt|+|604519|613044	8526	8404.15	0	0
gene_471|GeneMark.hmm|471_nt|-|613157|613627	471	349.154	0	0
gene_472|GeneMark.hmm|2022_nt|-|613687|615708	2022	1900.15	0	0
gene_473|GeneMark.hmm|1368_nt|-|616099|617466	1368	1246.15	2	34.5524
gene_474|GeneMark.hmm|1497_nt|-|617638|619134	1497	1375.15	0	0
gene_475|GeneMark.hmm|552_nt|+|619241|619792	552	430.154	0	0
gene_476|GeneMark.hmm|522_nt|-|619865|620386	522	400.154	0	0
gene_477|GeneMark.hmm|405_nt|+|621044|621448	405	283.154	0	0
gene_478|GeneMark.hmm|1320_nt|+|621917|623236	1320	1198.15	0	0
gene_479|GeneMark.hmm|510_nt|-|623258|623767	510	388.154	0	0
gene_480|GeneMark.hmm|3156_nt|+|623945|627100	3156	3034.15	0	0
gene_481|GeneMark.hmm|1512_nt|-|627116|628627	1512	1390.15	0	0
gene_482|GeneMark.hmm|2280_nt|+|629522|631801	2280	2158.15	0	0
gene_483|GeneMark.hmm|1293_nt|+|631912|633204	1293	1171.15	0	0
gene_484|GeneMark.hmm|1143_nt|-|633213|634355	1143	1021.15	0	0
gene_485|GeneMark.hmm|810_nt|-|634423|635232	810	688.154	0	0
gene_486|GeneMark.hmm|900_nt|+|635322|636221	900	778.154	0	0
gene_487|GeneMark.hmm|399_nt|+|636559|636957	399	277.154	0	0
gene_488|GeneMark.hmm|642_nt|+|637019|637660	642	520.154	0	0
gene_489|GeneMark.hmm|2751_nt|-|637714|640464	2751	2629.15	0	0
gene_490|GeneMark.hmm|378_nt|-|640501|640878	378	256.154	0	0
gene_491|GeneMark.hmm|699_nt|+|641038|641736	699	577.154	0	0
gene_492|GeneMark.hmm|315_nt|-|641806|642120	315	193.154	0	0
gene_493|GeneMark.hmm|1542_nt|-|642334|643875	1542	1420.15	0	0
gene_494|GeneMark.hmm|927_nt|+|643983|644909	927	805.154	0	0
gene_495|GeneMark.hmm|453_nt|-|644985|645437	453	331.154	0	0
gene_496|GeneMark.hmm|1500_nt|-|645518|647017	1500	1378.15	0	0
gene_497|GeneMark.hmm|498_nt|+|647139|647636	498	376.154	0	0
gene_498|GeneMark.hmm|840_nt|+|647685|648524	840	718.154	0	0
gene_499|GeneMark.hmm|1335_nt|+|648598|649932	1335	1213.15	0	0
gene_500|GeneMark.hmm|735_nt|+|650086|650820	735	613.154	0	0
gene_501|GeneMark.hmm|882_nt|-|651125|652006	882	760.154	0	0
gene_502|GeneMark.hmm|1077_nt|-|652036|653112	1077	955.154	0	0
gene_503|GeneMark.hmm|1074_nt|+|653992|655065	1074	952.154	0	0
gene_504|GeneMark.hmm|2415_nt|-|655095|657509	2415	2293.15	100	938.829
gene_505|GeneMark.hmm|492_nt|-|657575|658066	492	370.154	0	0
gene_506|GeneMark.hmm|807_nt|+|658387|659193	807	685.154	0	0
gene_507|GeneMark.hmm|456_nt|+|659278|659733	456	334.154	0	0
gene_508|GeneMark.hmm|1479_nt|-|659947|661425	1479	1357.15	0	0
gene_509|GeneMark.hmm|525_nt|-|662169|662693	525	403.154	0	0
gene_510|GeneMark.hmm|531_nt|+|662761|663291	531	409.154	0	0
gene_511|GeneMark.hmm|768_nt|+|663333|664100	768	646.154	0	0
gene_512|GeneMark.hmm|483_nt|+|664273|664755	483	361.154	0	0
gene_513|GeneMark.hmm|450_nt|-|664967|665416	450	328.154	0	0
gene_514|GeneMark.hmm|567_nt|-|665650|666216	567	445.154	0	0
gene_515|GeneMark.hmm|873_nt|-|666414|667286	873	751.154	0	0
gene_516|GeneMark.hmm|1026_nt|-|667347|668372	1026	904.154	0	0
gene_517|GeneMark.hmm|816_nt|-|668441|669256	816	694.154	0	0
gene_518|GeneMark.hmm|579_nt|+|669326|669904	579	457.154	0	0
gene_519|GeneMark.hmm|6198_nt|+|670001|676198	6198	6076.15	0	0
gene_520|GeneMark.hmm|1713_nt|+|676274|677986	1713	1591.15	0	0
gene_521|GeneMark.hmm|630_nt|-|679314|679943	630	508.154	0	0
gene_522|GeneMark.hmm|672_nt|-|680466|681137	672	550.154	0	0
gene_523|GeneMark.hmm|996_nt|-|681249|682244	996	874.154	0	0
gene_524|GeneMark.hmm|1095_nt|-|682667|683761	1095	973.154	0	0
gene_525|GeneMark.hmm|381_nt|-|683888|684268	381	259.154	0	0
gene_526|GeneMark.hmm|342_nt|+|684633|684974	342	220.154	0	0
gene_527|GeneMark.hmm|1239_nt|-|685013|686251	1239	1117.15	0	0
gene_528|GeneMark.hmm|1950_nt|+|686495|688444	1950	1828.15	0	0
gene_529|GeneMark.hmm|510_nt|-|688539|689048	510	388.154	0	0
gene_530|GeneMark.hmm|852_nt|+|689079|689930	852	730.154	0	0
gene_531|GeneMark.hmm|330_nt|+|690793|691122	330	208.154	0	0
gene_532|GeneMark.hmm|705_nt|-|691171|691875	705	583.154	0	0
gene_533|GeneMark.hmm|480_nt|-|691991|692470	480	358.154	0	0
gene_534|GeneMark.hmm|633_nt|-|692561|693193	633	511.154	0	0
gene_535|GeneMark.hmm|846_nt|-|693424|694269	846	724.154	0	0
gene_536|GeneMark.hmm|831_nt|-|694687|695517	831	709.154	4	121.434
gene_537|GeneMark.hmm|1755_nt|+|695879|697633	1755	1633.15	0	0
gene_538|GeneMark.hmm|651_nt|-|697729|698379	651	529.154	0	0
gene_539|GeneMark.hmm|1248_nt|-|698442|699689	1248	1126.15	0	0
gene_540|GeneMark.hmm|306_nt|+|699863|700168	306	184.154	0	0
gene_541|GeneMark.hmm|870_nt|-|700255|701124	870	748.154	0	0
gene_542|GeneMark.hmm|789_nt|-|701157|701945	789	667.154	0	0
gene_543|GeneMark.hmm|336_nt|+|702009|702344	336	214.154	0	0
gene_544|GeneMark.hmm|834_nt|+|702408|703241	834	712.154	0	0
gene_545|GeneMark.hmm|813_nt|+|703614|704426	813	691.154	0	0
gene_546|GeneMark.hmm|1377_nt|+|704476|705852	1377	1255.15	0	0
gene_547|GeneMark.hmm|993_nt|+|705913|706905	993	871.154	0	0
gene_548|GeneMark.hmm|1110_nt|-|706910|708019	1110	988.154	0	0
gene_549|GeneMark.hmm|3249_nt|+|708102|711350	3249	3127.15	0	0
gene_550|GeneMark.hmm|1683_nt|-|711478|713160	1683	1561.15	0	0
gene_551|GeneMark.hmm|1410_nt|+|713288|714697	1410	1288.15	0	0
gene_552|GeneMark.hmm|1092_nt|+|714777|715868	1092	970.154	0	0
gene_553|GeneMark.hmm|1701_nt|+|715942|717642	1701	1579.15	0	0
gene_554|GeneMark.hmm|897_nt|-|717741|718637	897	775.154	0	0
gene_555|GeneMark.hmm|750_nt|+|718732|719481	750	628.154	0	0
gene_556|GeneMark.hmm|3192_nt|-|719785|722976	3192	3070.15	0	0
gene_557|GeneMark.hmm|639_nt|+|723060|723698	639	517.154	0	0
gene_558|GeneMark.hmm|750_nt|+|723791|724540	750	628.154	0	0
gene_559|GeneMark.hmm|1029_nt|-|724564|725592	1029	907.154	0	0
gene_560|GeneMark.hmm|528_nt|+|725660|726187	528	406.154	0	0
gene_561|GeneMark.hmm|813_nt|+|726253|727065	813	691.154	0	0
gene_562|GeneMark.hmm|453_nt|+|727108|727560	453	331.154	0	0
gene_563|GeneMark.hmm|516_nt|-|727577|728092	516	394.154	0	0
gene_564|GeneMark.hmm|471_nt|+|728170|728640	471	349.154	0	0
gene_565|GeneMark.hmm|390_nt|-|728660|729049	390	268.154	0	0
gene_566|GeneMark.hmm|549_nt|+|729148|729696	549	427.154	0	0
gene_567|GeneMark.hmm|468_nt|+|729841|730308	468	346.154	0	0
gene_568|GeneMark.hmm|1005_nt|+|730359|731363	1005	883.154	0	0
gene_569|GeneMark.hmm|732_nt|-|731365|732096	732	610.154	0	0
gene_570|GeneMark.hmm|633_nt|-|732215|732847	633	511.154	0	0
gene_571|GeneMark.hmm|693_nt|-|732942|733634	693	571.154	0	0
gene_572|GeneMark.hmm|1338_nt|-|733695|735032	1338	1216.15	3	53.1071
gene_573|GeneMark.hmm|336_nt|-|735087|735422	336	214.154	0	0
gene_574|GeneMark.hmm|546_nt|+|735531|736076	546	424.154	0	0
gene_575|GeneMark.hmm|393_nt|-|736081|736473	393	271.154	0	0
gene_576|GeneMark.hmm|375_nt|-|736548|736922	375	253.154	0	0
gene_577|GeneMark.hmm|747_nt|+|737292|738038	747	625.154	0	0
gene_578|GeneMark.hmm|495_nt|+|738048|738542	495	373.154	0	0
gene_579|GeneMark.hmm|1296_nt|+|738594|739889	1296	1174.15	0	0
gene_580|GeneMark.hmm|642_nt|+|739976|740617	642	520.154	0	0
gene_581|GeneMark.hmm|426_nt|+|740649|741074	426	304.154	0	0
gene_582|GeneMark.hmm|501_nt|+|741163|741663	501	379.154	0	0
gene_583|GeneMark.hmm|315_nt|-|741652|741966	315	193.154	0	0
gene_584|GeneMark.hmm|360_nt|+|742286|742645	360	238.154	0	0
gene_585|GeneMark.hmm|318_nt|+|742760|743077	318	196.154	0	0
gene_586|GeneMark.hmm|2325_nt|+|743121|745445	2325	2203.15	0	0
gene_587|GeneMark.hmm|1329_nt|+|745468|746796	1329	1207.15	0	0
gene_588|GeneMark.hmm|3423_nt|+|746829|750251	3423	3301.15	0	0
gene_589|GeneMark.hmm|378_nt|-|750663|751040	378	256.154	0	0
gene_590|GeneMark.hmm|972_nt|-|751628|752599	972	850.154	0	0
gene_591|GeneMark.hmm|561_nt|+|752662|753222	561	439.154	0	0
gene_592|GeneMark.hmm|462_nt|-|753229|753690	462	340.154	0	0
gene_593|GeneMark.hmm|324_nt|-|753778|754101	324	202.154	0	0
gene_594|GeneMark.hmm|399_nt|-|754228|754626	399	277.154	0	0
gene_595|GeneMark.hmm|642_nt|-|754705|755346	642	520.154	0	0
gene_596|GeneMark.hmm|306_nt|-|755395|755700	306	184.154	0	0
gene_597|GeneMark.hmm|1347_nt|-|756548|757894	1347	1225.15	0	0
gene_598|GeneMark.hmm|936_nt|-|758400|759335	936	814.154	0	0
gene_599|GeneMark.hmm|954_nt|+|759588|760541	954	832.154	0	0
gene_600|GeneMark.hmm|786_nt|-|761459|762244	786	664.154	0	0
gene_601|GeneMark.hmm|921_nt|-|762508|763428	921	799.154	0	0
gene_602|GeneMark.hmm|414_nt|-|763762|764175	414	292.154	0	0
gene_603|GeneMark.hmm|621_nt|-|764264|764884	621	499.154	46.9396	2024.53
gene_604|GeneMark.hmm|306_nt|-|765832|766137	306	184.154	0	0
gene_605|GeneMark.hmm|1374_nt|-|766189|767562	1374	1252.15	0	0
gene_606|GeneMark.hmm|300_nt|+|767661|767960	300	178.154	0	0
gene_607|GeneMark.hmm|777_nt|-|767963|768739	777	655.154	0	0
gene_608|GeneMark.hmm|447_nt|+|768852|769298	447	325.154	0	0
gene_609|GeneMark.hmm|420_nt|+|769385|769804	420	298.154	0	0
gene_610|GeneMark.hmm|471_nt|-|769819|770289	471	349.154	0	0
gene_611|GeneMark.hmm|1638_nt|-|770738|772375	1638	1516.15	0	0
gene_612|GeneMark.hmm|2928_nt|-|772429|775356	2928	2806.15	0	0
gene_613|GeneMark.hmm|1437_nt|+|775468|776904	1437	1315.15	0	0
gene_614|GeneMark.hmm|1458_nt|+|776967|778424	1458	1336.15	0	0
gene_615|GeneMark.hmm|1233_nt|+|778469|779701	1233	1111.15	0	0
gene_616|GeneMark.hmm|813_nt|+|779828|780640	813	691.154	0	0
gene_617|GeneMark.hmm|1191_nt|+|781855|783045	1191	1069.15	0	0
gene_618|GeneMark.hmm|507_nt|+|783239|783745	507	385.154	0	0
gene_619|GeneMark.hmm|1281_nt|-|783728|785008	1281	1159.15	0	0
gene_620|GeneMark.hmm|750_nt|-|785058|785807	750	628.154	0	0
gene_621|GeneMark.hmm|828_nt|+|786077|786904	828	706.154	0	0
gene_622|GeneMark.hmm|750_nt|+|788234|788983	750	628.154	0	0
gene_623|GeneMark.hmm|1638_nt|-|789070|790707	1638	1516.15	0	0
gene_624|GeneMark.hmm|717_nt|+|790898|791614	717	595.154	0	0
gene_625|GeneMark.hmm|1674_nt|+|791674|793347	1674	1552.15	0	0
gene_626|GeneMark.hmm|888_nt|+|794123|795010	888	766.154	0	0
gene_627|GeneMark.hmm|348_nt|-|795073|795420	348	226.154	0	0
gene_628|GeneMark.hmm|1629_nt|-|795507|797135	1629	1507.15	0	0
gene_629|GeneMark.hmm|624_nt|+|797818|798441	624	502.154	0	0
gene_630|GeneMark.hmm|1215_nt|-|798445|799659	1215	1093.15	0	0
gene_631|GeneMark.hmm|378_nt|-|799776|800153	378	256.154	0	0
gene_632|GeneMark.hmm|546_nt|+|800250|800795	546	424.154	0	0
gene_633|GeneMark.hmm|960_nt|+|800998|801957	960	838.154	0	0
gene_634|GeneMark.hmm|648_nt|+|802016|802663	648	526.154	0	0
gene_635|GeneMark.hmm|849_nt|+|802729|803577	849	727.154	0	0
gene_636|GeneMark.hmm|609_nt|-|803695|804303	609	487.154	0	0
gene_637|GeneMark.hmm|1269_nt|-|804530|805798	1269	1147.15	0	0
gene_638|GeneMark.hmm|747_nt|-|805897|806643	747	625.154	0	0
gene_639|GeneMark.hmm|540_nt|-|807617|808156	540	418.154	0	0
gene_640|GeneMark.hmm|912_nt|-|808215|809126	912	790.154	1	27.2463
gene_641|GeneMark.hmm|564_nt|+|809209|809772	564	442.154	0	0
gene_642|GeneMark.hmm|1374_nt|-|809790|811163	1374	1252.15	0	0
gene_643|GeneMark.hmm|717_nt|+|811231|811947	717	595.154	0	0
gene_644|GeneMark.hmm|654_nt|-|812015|812668	654	532.154	0	0
gene_645|GeneMark.hmm|981_nt|-|813726|814706	981	859.154	0	0
gene_646|GeneMark.hmm|975_nt|+|814796|815770	975	853.154	0	0
gene_647|GeneMark.hmm|3756_nt|+|815862|819617	3756	3634.15	79.0934	468.551
gene_648|GeneMark.hmm|657_nt|-|819646|820302	657	535.154	0	0
gene_649|GeneMark.hmm|951_nt|-|820401|821351	951	829.154	0	0
gene_650|GeneMark.hmm|927_nt|-|821912|822838	927	805.154	0	0
gene_651|GeneMark.hmm|1251_nt|+|822995|824245	1251	1129.15	0	0
gene_652|GeneMark.hmm|564_nt|+|824330|824893	564	442.154	0	0
gene_653|GeneMark.hmm|879_nt|+|825610|826488	879	757.154	0	0
gene_654|GeneMark.hmm|531_nt|+|826740|827270	531	409.154	0	0
gene_655|GeneMark.hmm|381_nt|-|827282|827662	381	259.154	0	0
gene_656|GeneMark.hmm|1287_nt|-|827610|828896	1287	1165.15	0	0
gene_657|GeneMark.hmm|834_nt|+|828981|829814	834	712.154	0	0
gene_658|GeneMark.hmm|792_nt|+|829889|830680	792	670.154	0	0
gene_659|GeneMark.hmm|957_nt|+|832053|833009	957	835.154	0	0
gene_660|GeneMark.hmm|825_nt|+|833177|834001	825	703.154	0	0
gene_661|GeneMark.hmm|1875_nt|-|834299|836173	1875	1753.15	0	0
gene_662|GeneMark.hmm|2361_nt|+|836283|838643	2361	2239.15	0	0
gene_663|GeneMark.hmm|918_nt|-|838923|839840	918	796.154	0	0
gene_664|GeneMark.hmm|1092_nt|+|839904|840995	1092	970.154	0	0
gene_665|GeneMark.hmm|3570_nt|+|841037|844606	3570	3448.15	0	0
gene_666|GeneMark.hmm|1032_nt|+|844676|845707	1032	910.154	0	0
gene_667|GeneMark.hmm|528_nt|+|846107|846634	528	406.154	0	0
gene_668|GeneMark.hmm|348_nt|-|846706|847053	348	226.154	0	0
gene_669|GeneMark.hmm|885_nt|+|847148|848032	885	763.154	0	0
gene_670|GeneMark.hmm|1248_nt|-|848159|849406	1248	1126.15	0	0
gene_671|GeneMark.hmm|405_nt|+|849573|849977	405	283.154	0	0
gene_672|GeneMark.hmm|1029_nt|+|850038|851066	1029	907.154	0	0
gene_673|GeneMark.hmm|1530_nt|+|851069|852598	1530	1408.15	0	0
gene_674|GeneMark.hmm|1341_nt|+|852623|853963	1341	1219.15	0	0
gene_675|GeneMark.hmm|1092_nt|-|853964|855055	1092	970.154	0	0
gene_676|GeneMark.hmm|807_nt|+|855120|855926	807	685.154	0	0
gene_677|GeneMark.hmm|606_nt|+|855984|856589	606	484.154	0	0
gene_678|GeneMark.hmm|762_nt|-|856592|857353	762	640.154	0	0
gene_679|GeneMark.hmm|828_nt|+|857492|858319	828	706.154	0	0
gene_680|GeneMark.hmm|1203_nt|+|858374|859576	1203	1081.15	0	0
gene_681|GeneMark.hmm|390_nt|-|859601|859990	390	268.154	0	0
gene_682|GeneMark.hmm|837_nt|+|860360|861196	837	715.154	0	0
gene_683|GeneMark.hmm|1989_nt|+|861543|863531	1989	1867.15	0	0
gene_684|GeneMark.hmm|1107_nt|+|863675|864781	1107	985.154	0	0
gene_685|GeneMark.hmm|1617_nt|-|864819|866435	1617	1495.15	0	0
gene_686|GeneMark.hmm|489_nt|+|866844|867332	489	367.154	0	0
gene_687|GeneMark.hmm|3942_nt|+|867384|871325	3942	3820.15	0	0
gene_688|GeneMark.hmm|4884_nt|+|871329|876212	4884	4762.15	0	0
gene_689|GeneMark.hmm|2700_nt|-|876358|879057	2700	2578.15	0	0
gene_690|GeneMark.hmm|783_nt|+|880116|880898	783	661.154	0	0
gene_691|GeneMark.hmm|624_nt|+|881026|881649	624	502.154	0	0
gene_692|GeneMark.hmm|462_nt|-|881650|882111	462	340.154	0	0
gene_693|GeneMark.hmm|492_nt|-|882185|882676	492	370.154	0	0
gene_694|GeneMark.hmm|1011_nt|-|882801|883811	1011	889.154	0	0
gene_695|GeneMark.hmm|1008_nt|-|883954|884961	1008	886.154	0	0
gene_696|GeneMark.hmm|678_nt|+|885073|885750	678	556.154	0	0
gene_697|GeneMark.hmm|984_nt|-|885834|886817	984	862.154	0	0
gene_698|GeneMark.hmm|426_nt|+|888296|888721	426	304.154	0	0
gene_699|GeneMark.hmm|426_nt|+|888759|889184	426	304.154	0	0
gene_700|GeneMark.hmm|327_nt|+|889231|889557	327	205.154	0	0
gene_701|GeneMark.hmm|513_nt|+|890322|890834	513	391.154	0	0
gene_702|GeneMark.hmm|750_nt|+|890899|891648	750	628.154	0	0
gene_703|GeneMark.hmm|639_nt|-|891835|892473	639	517.154	0	0
gene_704|GeneMark.hmm|423_nt|+|892651|893073	423	301.154	0	0
gene_705|GeneMark.hmm|969_nt|-|893083|894051	969	847.154	0	0
gene_706|GeneMark.hmm|1416_nt|-|894176|895591	1416	1294.15	2	33.2708
gene_707|GeneMark.hmm|363_nt|-|895822|896184	363	241.154	0	0
gene_708|GeneMark.hmm|1593_nt|-|896705|898297	1593	1471.15	0	0
gene_709|GeneMark.hmm|1059_nt|+|898434|899492	1059	937.154	0	0
gene_710|GeneMark.hmm|1086_nt|-|899485|900570	1086	964.154	0	0
gene_711|GeneMark.hmm|2454_nt|-|900629|903082	2454	2332.15	0	0
gene_712|GeneMark.hmm|456_nt|-|903179|903634	456	334.154	0	0
gene_713|GeneMark.hmm|324_nt|-|904391|904714	324	202.154	0	0
gene_714|GeneMark.hmm|900_nt|-|904798|905697	900	778.154	0	0
gene_715|GeneMark.hmm|921_nt|+|905828|906748	921	799.154	0	0
gene_716|GeneMark.hmm|681_nt|+|907917|908597	681	559.154	0	0
gene_717|GeneMark.hmm|1998_nt|+|908797|910794	1998	1876.15	0	0
gene_718|GeneMark.hmm|543_nt|-|911083|911625	543	421.154	0	0
gene_719|GeneMark.hmm|1086_nt|+|911781|912866	1086	964.154	0	0
gene_720|GeneMark.hmm|1038_nt|-|912886|913923	1038	916.154	0	0
gene_721|GeneMark.hmm|987_nt|-|914796|915782	987	865.154	0	0
gene_722|GeneMark.hmm|1152_nt|-|915887|917038	1152	1030.15	0	0
gene_723|GeneMark.hmm|522_nt|+|917180|917701	522	400.154	0	0
gene_724|GeneMark.hmm|960_nt|+|917774|918733	960	838.154	0	0
gene_725|GeneMark.hmm|471_nt|-|919051|919521	471	349.154	0	0
gene_726|GeneMark.hmm|888_nt|+|919705|920592	888	766.154	0	0
gene_727|GeneMark.hmm|519_nt|+|920769|921287	519	397.154	0	0
gene_728|GeneMark.hmm|696_nt|-|921294|921989	696	574.154	0	0
gene_729|GeneMark.hmm|1380_nt|-|922375|923754	1380	1258.15	0	0
gene_730|GeneMark.hmm|4071_nt|+|923869|927939	4071	3949.15	0	0
gene_731|GeneMark.hmm|618_nt|-|927947|928564	618	496.154	0	0
gene_732|GeneMark.hmm|2169_nt|+|930211|932379	2169	2047.15	0	0
gene_733|GeneMark.hmm|1368_nt|-|932387|933754	1368	1246.15	0	0
gene_734|GeneMark.hmm|2598_nt|-|935040|937637	2598	2476.15	349	3034.36
gene_735|GeneMark.hmm|411_nt|+|937965|938375	411	289.154	0	0
gene_736|GeneMark.hmm|972_nt|-|938372|939343	972	850.154	0	0
gene_737|GeneMark.hmm|390_nt|+|939510|939899	390	268.154	0	0
gene_738|GeneMark.hmm|819_nt|+|939907|940725	819	697.154	0	0
gene_739|GeneMark.hmm|468_nt|-|940722|941189	468	346.154	0	0
gene_740|GeneMark.hmm|2097_nt|-|942059|944155	2097	1975.15	0	0
gene_741|GeneMark.hmm|1974_nt|-|944255|946228	1974	1852.15	0	0
gene_742|GeneMark.hmm|342_nt|+|946419|946760	342	220.154	0	0
gene_743|GeneMark.hmm|594_nt|+|946837|947430	594	472.154	0	0
gene_744|GeneMark.hmm|885_nt|-|947449|948333	885	763.154	0	0
gene_745|GeneMark.hmm|1221_nt|+|948384|949604	1221	1099.15	0	0
gene_746|GeneMark.hmm|789_nt|-|949606|950394	789	667.154	0	0
gene_747|GeneMark.hmm|714_nt|-|950826|951539	714	592.154	0	0
gene_748|GeneMark.hmm|1371_nt|-|951540|952910	1371	1249.15	0	0
gene_749|GeneMark.hmm|2205_nt|-|952993|955197	2205	2083.15	0	0
gene_750|GeneMark.hmm|303_nt|-|955311|955613	303	181.154	0	0
gene_751|GeneMark.hmm|837_nt|+|955805|956641	837	715.154	0	0
gene_752|GeneMark.hmm|942_nt|+|956921|957862	942	820.154	0	0
gene_753|GeneMark.hmm|492_nt|-|958517|959008	492	370.154	0	0
gene_754|GeneMark.hmm|1107_nt|+|959050|960156	1107	985.154	0	0
gene_755|GeneMark.hmm|1104_nt|+|960931|962034	1104	982.154	0	0
gene_756|GeneMark.hmm|456_nt|-|962183|962638	456	334.154	0	0
gene_757|GeneMark.hmm|561_nt|+|962833|963393	561	439.154	0	0
gene_758|GeneMark.hmm|441_nt|+|964095|964535	441	319.154	0	0
gene_759|GeneMark.hmm|747_nt|+|964596|965342	747	625.154	0	0
gene_760|GeneMark.hmm|450_nt|-|965694|966143	450	328.154	0	0
gene_761|GeneMark.hmm|639_nt|+|966203|966841	639	517.154	0	0
gene_762|GeneMark.hmm|885_nt|+|967009|967893	885	763.154	0	0
gene_763|GeneMark.hmm|948_nt|-|968000|968947	948	826.154	0	0
gene_764|GeneMark.hmm|1428_nt|+|969118|970545	1428	1306.15	0	0
gene_765|GeneMark.hmm|546_nt|-|970684|971229	546	424.154	0	0
gene_766|GeneMark.hmm|711_nt|+|971303|972013	711	589.154	1	36.5419
gene_767|GeneMark.hmm|609_nt|+|972287|972895	609	487.154	0	0
gene_768|GeneMark.hmm|966_nt|+|973010|973975	966	844.154	0	0
gene_769|GeneMark.hmm|471_nt|+|974049|974519	471	349.154	0	0
gene_770|GeneMark.hmm|558_nt|+|974600|975157	558	436.154	0	0
gene_771|GeneMark.hmm|345_nt|-|975478|975822	345	223.154	0	0
gene_772|GeneMark.hmm|969_nt|+|976654|977622	969	847.154	0	0
gene_773|GeneMark.hmm|1344_nt|+|977693|979036	1344	1222.15	0	0
gene_774|GeneMark.hmm|984_nt|+|979053|980036	984	862.154	0	0
gene_775|GeneMark.hmm|1605_nt|-|980056|981660	1605	1483.15	0	0
gene_776|GeneMark.hmm|1953_nt|+|981738|983690	1953	1831.15	0	0
gene_777|GeneMark.hmm|477_nt|-|983862|984338	477	355.154	0	0
gene_778|GeneMark.hmm|1971_nt|+|984498|986468	1971	1849.15	0	0
gene_779|GeneMark.hmm|390_nt|+|986490|986879	390	268.154	0	0
gene_780|GeneMark.hmm|1149_nt|-|987058|988206	1149	1027.15	0	0
gene_781|GeneMark.hmm|645_nt|-|988480|989124	645	523.154	0	0
gene_782|GeneMark.hmm|783_nt|+|989251|990033	783	661.154	0	0
gene_783|GeneMark.hmm|1194_nt|-|990093|991286	1194	1072.15	0	0
gene_784|GeneMark.hmm|2364_nt|+|991388|993751	2364	2242.15	0	0
gene_785|GeneMark.hmm|1854_nt|+|993867|995720	1854	1732.15	0	0
gene_786|GeneMark.hmm|1071_nt|+|995877|996947	1071	949.154	0	0
gene_787|GeneMark.hmm|3102_nt|+|997954|1001055	3102	2980.15	0	0
gene_788|GeneMark.hmm|1335_nt|+|1001132|1002466	1335	1213.15	0	0
gene_789|GeneMark.hmm|1173_nt|-|1002519|1003691	1173	1051.15	0	0
gene_790|GeneMark.hmm|429_nt|-|1004339|1004767	429	307.154	0	0
gene_791|GeneMark.hmm|327_nt|-|1004733|1005059	327	205.154	0	0
gene_792|GeneMark.hmm|429_nt|+|1005657|1006085	429	307.154	0	0
gene_793|GeneMark.hmm|522_nt|+|1006194|1006715	522	400.154	0	0
gene_794|GeneMark.hmm|951_nt|+|1006764|1007714	951	829.154	0	0
gene_795|GeneMark.hmm|885_nt|+|1007759|1008643	885	763.154	0	0
gene_796|GeneMark.hmm|4251_nt|+|1008752|1013002	4251	4129.15	0	0
gene_797|GeneMark.hmm|516_nt|+|1013112|1013627	516	394.154	0	0
gene_798|GeneMark.hmm|1437_nt|+|1013861|1015297	1437	1315.15	0	0
gene_799|GeneMark.hmm|399_nt|+|1015361|1015759	399	277.154	0	0
gene_800|GeneMark.hmm|987_nt|+|1016401|1017387	987	865.154	0	0
gene_801|GeneMark.hmm|1092_nt|+|1018088|1019179	1092	970.154	0	0
gene_802|GeneMark.hmm|681_nt|+|1019335|1020015	681	559.154	0	0
gene_803|GeneMark.hmm|546_nt|+|1020160|1020705	546	424.154	0	0
gene_804|GeneMark.hmm|1893_nt|-|1020826|1022718	1893	1771.15	0	0
gene_805|GeneMark.hmm|1896_nt|+|1022828|1024723	1896	1774.15	0	0
gene_806|GeneMark.hmm|537_nt|+|1025350|1025886	537	415.154	0	0
gene_807|GeneMark.hmm|792_nt|-|1026015|1026806	792	670.154	0	0
gene_808|GeneMark.hmm|1287_nt|-|1026880|1028166	1287	1165.15	0	0
gene_809|GeneMark.hmm|1026_nt|+|1028316|1029341	1026	904.154	0	0
gene_810|GeneMark.hmm|642_nt|-|1029346|1029987	642	520.154	0	0
gene_811|GeneMark.hmm|1116_nt|+|1030122|1031237	1116	994.154	0	0
gene_812|GeneMark.hmm|849_nt|+|1031519|1032367	849	727.154	0	0
gene_813|GeneMark.hmm|2394_nt|+|1032596|1034989	2394	2272.15	0	0
gene_814|GeneMark.hmm|1230_nt|+|1035080|1036309	1230	1108.15	0	0
gene_815|GeneMark.hmm|651_nt|+|1036393|1037043	651	529.154	0	0
gene_816|GeneMark.hmm|672_nt|+|1037250|1037921	672	550.154	0	0
gene_817|GeneMark.hmm|747_nt|+|1038024|1038770	747	625.154	0	0
gene_818|GeneMark.hmm|540_nt|+|1038838|1039377	540	418.154	0	0
gene_819|GeneMark.hmm|507_nt|+|1039455|1039961	507	385.154	0	0
gene_820|GeneMark.hmm|1107_nt|+|1040008|1041114	1107	985.154	4	87.4129
gene_821|GeneMark.hmm|1674_nt|+|1041585|1043258	1674	1552.15	0	0
gene_822|GeneMark.hmm|912_nt|+|1043370|1044281	912	790.154	0	0
gene_823|GeneMark.hmm|1188_nt|-|1044299|1045486	1188	1066.15	0	0
gene_824|GeneMark.hmm|339_nt|+|1045830|1046168	339	217.154	0	0
gene_825|GeneMark.hmm|453_nt|+|1046311|1046763	453	331.154	0	0
gene_826|GeneMark.hmm|510_nt|-|1046760|1047269	510	388.154	0	0
gene_827|GeneMark.hmm|918_nt|-|1047524|1048441	918	796.154	0	0
gene_828|GeneMark.hmm|1719_nt|-|1048525|1050243	1719	1597.15	0	0
gene_829|GeneMark.hmm|822_nt|-|1050262|1051083	822	700.154	0	0
gene_830|GeneMark.hmm|756_nt|+|1051177|1051932	756	634.154	0	0
gene_831|GeneMark.hmm|522_nt|-|1052051|1052572	522	400.154	0	0
gene_832|GeneMark.hmm|1065_nt|+|1052888|1053952	1065	943.154	0	0
gene_833|GeneMark.hmm|549_nt|-|1054172|1054720	549	427.154	0	0
gene_834|GeneMark.hmm|327_nt|+|1054799|1055125	327	205.154	0	0
gene_835|GeneMark.hmm|939_nt|-|1055142|1056080	939	817.154	0	0
gene_836|GeneMark.hmm|1392_nt|+|1056178|1057569	1392	1270.15	0	0
gene_837|GeneMark.hmm|417_nt|-|1057605|1058021	417	295.154	0	0
gene_838|GeneMark.hmm|552_nt|+|1058329|1058880	552	430.154	0	0
gene_839|GeneMark.hmm|342_nt|-|1059211|1059552	342	220.154	0	0
gene_840|GeneMark.hmm|615_nt|-|1060114|1060728	615	493.154	0	0
gene_841|GeneMark.hmm|729_nt|-|1061121|1061849	729	607.154	0	0
gene_842|GeneMark.hmm|825_nt|-|1061922|1062746	825	703.154	0	0
gene_843|GeneMark.hmm|1092_nt|-|1062805|1063896	1092	970.154	0	0
gene_844|GeneMark.hmm|816_nt|-|1063960|1064775	816	694.154	0	0
gene_845|GeneMark.hmm|657_nt|-|1064840|1065496	657	535.154	0	0
gene_846|GeneMark.hmm|1782_nt|-|1065595|1067376	1782	1660.15	0	0
gene_847|GeneMark.hmm|1848_nt|+|1067569|1069416	1848	1726.15	34	424.052
gene_848|GeneMark.hmm|474_nt|-|1069389|1069862	474	352.154	0	0
gene_849|GeneMark.hmm|1230_nt|+|1070587|1071816	1230	1108.15	0	0
gene_850|GeneMark.hmm|321_nt|-|1072488|1072808	321	199.154	0	0
gene_851|GeneMark.hmm|567_nt|+|1072902|1073468	567	445.154	0	0
gene_852|GeneMark.hmm|492_nt|-|1073515|1074006	492	370.154	0	0
gene_853|GeneMark.hmm|360_nt|-|1074444|1074803	360	238.154	0	0
gene_854|GeneMark.hmm|720_nt|+|1074922|1075641	720	598.154	0	0
gene_855|GeneMark.hmm|405_nt|-|1075707|1076111	405	283.154	0	0
gene_856|GeneMark.hmm|522_nt|+|1076307|1076828	522	400.154	0	0
gene_857|GeneMark.hmm|744_nt|+|1076889|1077632	744	622.154	0	0
gene_858|GeneMark.hmm|3675_nt|+|1077715|1081389	3675	3553.15	0	0
gene_859|GeneMark.hmm|678_nt|+|1081464|1082141	678	556.154	0	0
gene_860|GeneMark.hmm|663_nt|+|1082237|1082899	663	541.154	0	0
gene_861|GeneMark.hmm|909_nt|-|1082917|1083825	909	787.154	0	0
gene_862|GeneMark.hmm|594_nt|-|1084358|1084951	594	472.154	0	0
gene_863|GeneMark.hmm|1512_nt|+|1085063|1086574	1512	1390.15	0	0
gene_864|GeneMark.hmm|462_nt|+|1086628|1087089	462	340.154	0	0
gene_865|GeneMark.hmm|1704_nt|+|1087206|1088909	1704	1582.15	0	0
gene_866|GeneMark.hmm|1386_nt|-|1089587|1090972	1386	1264.15	0	0
gene_867|GeneMark.hmm|1065_nt|+|1091186|1092250	1065	943.154	0	0
gene_868|GeneMark.hmm|1503_nt|+|1092320|1093822	1503	1381.15	0	0
gene_869|GeneMark.hmm|537_nt|-|1094168|1094704	537	415.154	0	0
gene_870|GeneMark.hmm|318_nt|+|1094852|1095169	318	196.154	0	0
gene_871|GeneMark.hmm|825_nt|+|1095488|1096312	825	703.154	0	0
gene_872|GeneMark.hmm|1254_nt|+|1096380|1097633	1254	1132.15	0	0
gene_873|GeneMark.hmm|768_nt|+|1097734|1098501	768	646.154	0	0
gene_874|GeneMark.hmm|1728_nt|+|1098754|1100481	1728	1606.15	0	0
gene_875|GeneMark.hmm|450_nt|+|1100595|1101044	450	328.154	0	0
gene_876|GeneMark.hmm|2352_nt|-|1101300|1103651	2352	2230.15	0	0
gene_877|GeneMark.hmm|771_nt|-|1103753|1104523	771	649.154	0	0
gene_878|GeneMark.hmm|1368_nt|-|1104697|1106064	1368	1246.15	0	0
gene_879|GeneMark.hmm|462_nt|-|1106108|1106569	462	340.154	0	0
gene_880|GeneMark.hmm|510_nt|-|1106616|1107125	510	388.154	0	0
gene_881|GeneMark.hmm|513_nt|-|1107318|1107830	513	391.154	0	0
gene_882|GeneMark.hmm|1938_nt|-|1108336|1110273	1938	1816.15	0	0
gene_883|GeneMark.hmm|1410_nt|-|1110376|1111785	1410	1288.15	0	0
gene_884|GeneMark.hmm|1638_nt|-|1111937|1113574	1638	1516.15	0	0
gene_885|GeneMark.hmm|474_nt|+|1113652|1114125	474	352.154	0	0
gene_886|GeneMark.hmm|1551_nt|+|1114193|1115743	1551	1429.15	0	0
gene_887|GeneMark.hmm|525_nt|+|1115838|1116362	525	403.154	0	0
gene_888|GeneMark.hmm|594_nt|+|1116485|1117078	594	472.154	0	0
gene_889|GeneMark.hmm|768_nt|+|1117130|1117897	768	646.154	0	0
gene_890|GeneMark.hmm|354_nt|-|1118731|1119084	354	232.154	0	0
gene_891|GeneMark.hmm|315_nt|-|1119820|1120134	315	193.154	0	0
gene_892|GeneMark.hmm|2928_nt|-|1120243|1123170	2928	2806.15	0	0
gene_893|GeneMark.hmm|1809_nt|-|1123293|1125101	1809	1687.15	0	0
gene_894|GeneMark.hmm|327_nt|+|1125432|1125758	327	205.154	0	0
gene_895|GeneMark.hmm|447_nt|-|1125957|1126403	447	325.154	0	0
gene_896|GeneMark.hmm|669_nt|+|1126492|1127160	669	547.154	0	0
gene_897|GeneMark.hmm|1629_nt|-|1127390|1129018	1629	1507.15	0	0
gene_898|GeneMark.hmm|381_nt|-|1129725|1130105	381	259.154	0	0
gene_899|GeneMark.hmm|366_nt|+|1130161|1130526	366	244.154	0	0
gene_900|GeneMark.hmm|702_nt|+|1130617|1131318	702	580.154	0	0
gene_901|GeneMark.hmm|438_nt|+|1131399|1131836	438	316.154	0	0
gene_902|GeneMark.hmm|6252_nt|+|1132050|1138301	6252	6130.15	0	0
gene_903|GeneMark.hmm|483_nt|+|1138401|1138883	483	361.154	0	0
gene_904|GeneMark.hmm|2037_nt|-|1139154|1141190	2037	1915.15	0	0
gene_905|GeneMark.hmm|915_nt|+|1141391|1142305	915	793.154	0	0
gene_906|GeneMark.hmm|8427_nt|-|1142409|1150835	8427	8305.15	4	10.3689
gene_907|GeneMark.hmm|642_nt|+|1151032|1151673	642	520.154	0	0
gene_908|GeneMark.hmm|984_nt|+|1151726|1152709	984	862.154	0	0
gene_909|GeneMark.hmm|402_nt|+|1152776|1153177	402	280.154	0	0
gene_910|GeneMark.hmm|861_nt|+|1153314|1154174	861	739.154	0	0
gene_911|GeneMark.hmm|1761_nt|-|1154185|1155945	1761	1639.15	0	0
gene_912|GeneMark.hmm|585_nt|+|1156154|1156738	585	463.154	0	0
gene_913|GeneMark.hmm|939_nt|-|1156741|1157679	939	817.154	0	0
gene_914|GeneMark.hmm|822_nt|+|1157731|1158552	822	700.154	0	0
gene_915|GeneMark.hmm|1029_nt|-|1159094|1160122	1029	907.154	0	0
gene_916|GeneMark.hmm|1197_nt|+|1160393|1161589	1197	1075.15	0	0
gene_917|GeneMark.hmm|1374_nt|+|1161682|1163055	1374	1252.15	0	0
gene_918|GeneMark.hmm|945_nt|-|1163316|1164260	945	823.154	0	0
gene_919|GeneMark.hmm|633_nt|-|1164354|1164986	633	511.154	0	0
gene_920|GeneMark.hmm|423_nt|+|1165920|1166342	423	301.154	0	0
gene_921|GeneMark.hmm|1275_nt|-|1166479|1167753	1275	1153.15	0	0
gene_922|GeneMark.hmm|765_nt|-|1167834|1168598	765	643.154	0	0
gene_923|GeneMark.hmm|885_nt|+|1168745|1169629	885	763.154	0	0
gene_924|GeneMark.hmm|1632_nt|-|1169661|1171292	1632	1510.15	0	0
gene_925|GeneMark.hmm|612_nt|+|1171544|1172155	612	490.154	0	0
gene_926|GeneMark.hmm|2712_nt|+|1172459|1175170	2712	2590.15	0	0
gene_927|GeneMark.hmm|978_nt|-|1175182|1176159	978	856.154	0	0
gene_928|GeneMark.hmm|783_nt|-|1176389|1177171	783	661.154	0	0
gene_929|GeneMark.hmm|609_nt|+|1177419|1178027	609	487.154	0	0
gene_930|GeneMark.hmm|996_nt|+|1178135|1179130	996	874.154	0	0
gene_931|GeneMark.hmm|720_nt|+|1179201|1179920	720	598.154	0	0
gene_932|GeneMark.hmm|801_nt|-|1179928|1180728	801	679.154	0	0
gene_933|GeneMark.hmm|456_nt|+|1181141|1181596	456	334.154	0	0
gene_934|GeneMark.hmm|786_nt|-|1181721|1182506	786	664.154	0	0
gene_935|GeneMark.hmm|891_nt|+|1182626|1183516	891	769.154	0	0
gene_936|GeneMark.hmm|1149_nt|-|1183636|1184784	1149	1027.15	0	0
gene_937|GeneMark.hmm|1572_nt|+|1184914|1186485	1572	1450.15	0	0
gene_938|GeneMark.hmm|1875_nt|+|1186657|1188531	1875	1753.15	0	0
gene_939|GeneMark.hmm|309_nt|-|1188542|1188850	309	187.154	0	0
gene_940|GeneMark.hmm|402_nt|-|1189094|1189495	402	280.154	0	0
gene_941|GeneMark.hmm|783_nt|-|1189592|1190374	783	661.154	1	32.5624
gene_942|GeneMark.hmm|1746_nt|+|1190472|1192217	1746	1624.15	0	0
gene_943|GeneMark.hmm|924_nt|+|1192569|1193492	924	802.154	0	0
gene_944|GeneMark.hmm|459_nt|-|1193590|1194048	459	337.154	0	0
gene_945|GeneMark.hmm|576_nt|-|1194111|1194686	576	454.154	0	0
gene_946|GeneMark.hmm|1293_nt|+|1194795|1196087	1293	1171.15	0	0
gene_947|GeneMark.hmm|1026_nt|-|1196267|1197292	1026	904.154	0	0
gene_948|GeneMark.hmm|1527_nt|-|1197394|1198920	1527	1405.15	2	30.6426
gene_949|GeneMark.hmm|534_nt|+|1199388|1199921	534	412.154	0	0
gene_950|GeneMark.hmm|639_nt|-|1199976|1200614	639	517.154	0	0
gene_951|GeneMark.hmm|1248_nt|+|1200929|1202176	1248	1126.15	0	0
gene_952|GeneMark.hmm|1551_nt|-|1202159|1203709	1551	1429.15	0	0
gene_953|GeneMark.hmm|807_nt|-|1203738|1204544	807	685.154	0	0
gene_954|GeneMark.hmm|666_nt|-|1204576|1205241	666	544.154	0	0
gene_955|GeneMark.hmm|690_nt|-|1205317|1206006	690	568.154	0	0
gene_956|GeneMark.hmm|636_nt|+|1206154|1206789	636	514.154	0	0
gene_957|GeneMark.hmm|411_nt|+|1206929|1207339	411	289.154	0	0
gene_958|GeneMark.hmm|600_nt|-|1207537|1208136	600	478.154	0	0
gene_959|GeneMark.hmm|5304_nt|-|1208186|1213489	5304	5182.15	0	0
gene_960|GeneMark.hmm|2349_nt|-|1213526|1215874	2349	2227.15	0	0
gene_961|GeneMark.hmm|429_nt|-|1215961|1216389	429	307.154	0	0
gene_962|GeneMark.hmm|354_nt|+|1216501|1216854	354	232.154	0	0
gene_963|GeneMark.hmm|2358_nt|+|1216910|1219267	2358	2236.15	0	0
gene_964|GeneMark.hmm|966_nt|+|1219332|1220297	966	844.154	0	0
gene_965|GeneMark.hmm|1455_nt|+|1220389|1221843	1455	1333.15	0	0
gene_966|GeneMark.hmm|576_nt|-|1221849|1222424	576	454.154	0	0
gene_967|GeneMark.hmm|660_nt|+|1222586|1223245	660	538.154	0	0
gene_968|GeneMark.hmm|1266_nt|-|1223575|1224840	1266	1144.15	0	0
gene_969|GeneMark.hmm|699_nt|+|1224989|1225687	699	577.154	0	0
gene_970|GeneMark.hmm|1407_nt|+|1225759|1227165	1407	1285.15	0	0
gene_971|GeneMark.hmm|1059_nt|+|1227190|1228248	1059	937.154	0	0
gene_972|GeneMark.hmm|900_nt|+|1228357|1229256	900	778.154	0	0
gene_973|GeneMark.hmm|1080_nt|+|1230196|1231275	1080	958.154	0	0
gene_974|GeneMark.hmm|702_nt|+|1231344|1232045	702	580.154	0	0
gene_975|GeneMark.hmm|1047_nt|-|1232102|1233148	1047	925.154	0	0
gene_976|GeneMark.hmm|1239_nt|-|1234005|1235243	1239	1117.15	0	0
gene_977|GeneMark.hmm|378_nt|+|1236071|1236448	378	256.154	0	0
gene_978|GeneMark.hmm|657_nt|-|1236601|1237257	657	535.154	0	0
gene_979|GeneMark.hmm|588_nt|-|1237330|1237917	588	466.154	0	0
gene_980|GeneMark.hmm|1275_nt|-|1238042|1239316	1275	1153.15	0	0
gene_981|GeneMark.hmm|792_nt|-|1239376|1240167	792	670.154	0	0
gene_982|GeneMark.hmm|792_nt|-|1240220|1241011	792	670.154	0	0
gene_983|GeneMark.hmm|1632_nt|+|1241248|1242879	1632	1510.15	0	0
gene_984|GeneMark.hmm|1329_nt|-|1242889|1244217	1329	1207.15	0	0
gene_985|GeneMark.hmm|921_nt|-|1244351|1245271	921	799.154	0	0
gene_986|GeneMark.hmm|375_nt|-|1245451|1245825	375	253.154	0	0
gene_987|GeneMark.hmm|525_nt|+|1248026|1248550	525	403.154	0	0
gene_988|GeneMark.hmm|864_nt|+|1248633|1249496	864	742.154	0	0
gene_989|GeneMark.hmm|954_nt|+|1249728|1250681	954	832.154	0	0
gene_990|GeneMark.hmm|1698_nt|-|1250759|1252456	1698	1576.15	0	0
gene_991|GeneMark.hmm|948_nt|+|1252540|1253487	948	826.154	0	0
gene_992|GeneMark.hmm|681_nt|+|1253890|1254570	681	559.154	0	0
gene_993|GeneMark.hmm|1071_nt|+|1254691|1255761	1071	949.154	0	0
gene_994|GeneMark.hmm|1434_nt|+|1255840|1257273	1434	1312.15	0	0
gene_995|GeneMark.hmm|2040_nt|+|1257355|1259394	2040	1918.15	0	0
gene_996|GeneMark.hmm|555_nt|+|1259468|1260022	555	433.154	0	0
gene_997|GeneMark.hmm|435_nt|+|1260103|1260537	435	313.154	0	0
gene_998|GeneMark.hmm|1113_nt|+|1260608|1261720	1113	991.154	0	0
gene_999|GeneMark.hmm|714_nt|-|1262036|1262749	714	592.154	0	0
gene_1000|GeneMark.hmm|897_nt|+|1263478|1264374	897	775.154	0	0
gene_1001|GeneMark.hmm|576_nt|-|1264408|1264983	576	454.154	0	0
gene_1002|GeneMark.hmm|309_nt|+|1265102|1265410	309	187.154	0	0
gene_1003|GeneMark.hmm|813_nt|+|1265457|1266269	813	691.154	0	0
gene_1004|GeneMark.hmm|426_nt|-|1267035|1267460	426	304.154	0	0
gene_1005|GeneMark.hmm|495_nt|-|1267724|1268218	495	373.154	0	0
gene_1006|GeneMark.hmm|1986_nt|-|1268275|1270260	1986	1864.15	0	0
gene_1007|GeneMark.hmm|1113_nt|+|1270598|1271710	1113	991.154	0	0
gene_1008|GeneMark.hmm|1494_nt|+|1271821|1273314	1494	1372.15	0	0
gene_1009|GeneMark.hmm|735_nt|+|1273391|1274125	735	613.154	0	0
gene_1010|GeneMark.hmm|1224_nt|+|1274173|1275396	1224	1102.15	0	0
gene_1011|GeneMark.hmm|942_nt|-|1275416|1276357	942	820.154	0	0
gene_1012|GeneMark.hmm|1545_nt|+|1276429|1277973	1545	1423.15	0	0
gene_1013|GeneMark.hmm|636_nt|+|1278098|1278733	636	514.154	3	125.617
gene_1014|GeneMark.hmm|978_nt|-|1279050|1280027	978	856.154	0	0
gene_1015|GeneMark.hmm|1758_nt|-|1280234|1281991	1758	1636.15	0	0
gene_1016|GeneMark.hmm|1269_nt|+|1282136|1283404	1269	1147.15	0	0
gene_1017|GeneMark.hmm|1182_nt|+|1283520|1284701	1182	1060.15	0	0
gene_1018|GeneMark.hmm|1236_nt|-|1284715|1285950	1236	1114.15	0	0
gene_1019|GeneMark.hmm|873_nt|-|1286243|1287115	873	751.154	0	0
gene_1020|GeneMark.hmm|855_nt|-|1287626|1288480	855	733.154	0	0
gene_1021|GeneMark.hmm|555_nt|-|1289017|1289571	555	433.154	0	0
gene_1022|GeneMark.hmm|414_nt|-|1289710|1290123	414	292.154	0	0
gene_1023|GeneMark.hmm|333_nt|+|1292402|1292734	333	211.154	0	0
gene_1024|GeneMark.hmm|699_nt|+|1295541|1296239	699	577.154	0	0
gene_1025|GeneMark.hmm|1938_nt|-|1298187|1300124	1938	1816.15	0	0
gene_1026|GeneMark.hmm|744_nt|+|1300301|1301044	744	622.154	0	0
gene_1027|GeneMark.hmm|4485_nt|-|1301432|1305916	4485	4363.15	0	0
gene_1028|GeneMark.hmm|1461_nt|+|1306051|1307511	1461	1339.15	0	0
gene_1029|GeneMark.hmm|723_nt|+|1307596|1308318	723	601.154	0	0
gene_1030|GeneMark.hmm|1287_nt|+|1308407|1309693	1287	1165.15	0	0
gene_1031|GeneMark.hmm|633_nt|+|1309781|1310413	633	511.154	0	0
gene_1032|GeneMark.hmm|489_nt|-|1310423|1310911	489	367.154	0	0
gene_1033|GeneMark.hmm|429_nt|-|1311023|1311451	429	307.154	0	0
gene_1034|GeneMark.hmm|519_nt|-|1311565|1312083	519	397.154	0	0
gene_1035|GeneMark.hmm|324_nt|-|1312308|1312631	324	202.154	0	0
gene_1036|GeneMark.hmm|528_nt|+|1312764|1313291	528	406.154	0	0
gene_1037|GeneMark.hmm|696_nt|-|1314153|1314848	696	574.154	0	0
gene_1038|GeneMark.hmm|1080_nt|-|1314944|1316023	1080	958.154	0	0
gene_1039|GeneMark.hmm|1236_nt|+|1316151|1317386	1236	1114.15	0	0
gene_1040|GeneMark.hmm|1686_nt|-|1317489|1319174	1686	1564.15	0	0
gene_1041|GeneMark.hmm|408_nt|+|1319999|1320406	408	286.154	0	0
gene_1042|GeneMark.hmm|729_nt|+|1320445|1321173	729	607.154	0	0
gene_1043|GeneMark.hmm|687_nt|+|1321291|1321977	687	565.154	0	0
gene_1044|GeneMark.hmm|3168_nt|-|1322119|1325286	3168	3046.15	0	0
gene_1045|GeneMark.hmm|510_nt|+|1325177|1325686	510	388.154	0	0
gene_1046|GeneMark.hmm|1959_nt|+|1325867|1327825	1959	1837.15	0	0
gene_1047|GeneMark.hmm|378_nt|-|1327843|1328220	378	256.154	0	0
gene_1048|GeneMark.hmm|369_nt|-|1328301|1328669	369	247.154	0	0
gene_1049|GeneMark.hmm|885_nt|+|1328907|1329791	885	763.154	0	0
gene_1050|GeneMark.hmm|375_nt|-|1329797|1330171	375	253.154	1	85.0422
gene_1051|GeneMark.hmm|450_nt|+|1330357|1330806	450	328.154	0	0
gene_1052|GeneMark.hmm|369_nt|+|1330988|1331356	369	247.154	0	0
gene_1053|GeneMark.hmm|783_nt|+|1331392|1332174	783	661.154	0	0
gene_1054|GeneMark.hmm|2016_nt|+|1332256|1334271	2016	1894.15	0	0
gene_1055|GeneMark.hmm|1500_nt|-|1334350|1335849	1500	1378.15	0	0
gene_1056|GeneMark.hmm|447_nt|-|1335928|1336374	447	325.154	0	0
gene_1057|GeneMark.hmm|333_nt|-|1336456|1336788	333	211.154	0	0
gene_1058|GeneMark.hmm|537_nt|+|1336881|1337417	537	415.154	0	0
gene_1059|GeneMark.hmm|558_nt|+|1337473|1338030	558	436.154	0	0
gene_1060|GeneMark.hmm|1344_nt|-|1338083|1339426	1344	1222.15	0	0
gene_1061|GeneMark.hmm|783_nt|-|1340203|1340985	783	661.154	0	0
gene_1062|GeneMark.hmm|336_nt|-|1341041|1341376	336	214.154	0	0
gene_1063|GeneMark.hmm|546_nt|+|1341453|1341998	546	424.154	0	0
gene_1064|GeneMark.hmm|309_nt|+|1342079|1342387	309	187.154	0	0
gene_1065|GeneMark.hmm|1692_nt|-|1342628|1344319	1692	1570.15	0	0
gene_1066|GeneMark.hmm|492_nt|+|1344932|1345423	492	370.154	0	0
gene_1067|GeneMark.hmm|1455_nt|-|1345440|1346894	1455	1333.15	0	0
gene_1068|GeneMark.hmm|1575_nt|-|1346995|1348569	1575	1453.15	0	0
gene_1069|GeneMark.hmm|381_nt|-|1349357|1349737	381	259.154	0	0
gene_1070|GeneMark.hmm|714_nt|-|1350221|1350934	714	592.154	0	0
gene_1071|GeneMark.hmm|501_nt|-|1350994|1351494	501	379.154	0	0
gene_1072|GeneMark.hmm|672_nt|+|1351589|1352260	672	550.154	0	0
gene_1073|GeneMark.hmm|954_nt|-|1352261|1353214	954	832.154	0	0
gene_1074|GeneMark.hmm|882_nt|+|1353377|1354258	882	760.154	0	0
gene_1075|GeneMark.hmm|495_nt|+|1354539|1355033	495	373.154	0	0
gene_1076|GeneMark.hmm|450_nt|+|1355356|1355805	450	328.154	0	0
gene_1077|GeneMark.hmm|912_nt|-|1356169|1357080	912	790.154	0	0
gene_1078|GeneMark.hmm|993_nt|+|1357221|1358213	993	871.154	0	0
gene_1079|GeneMark.hmm|399_nt|-|1358757|1359155	399	277.154	12352	959479
gene_1080|GeneMark.hmm|393_nt|+|1359244|1359636	393	271.154	0	0
gene_1081|GeneMark.hmm|843_nt|-|1359657|1360499	843	721.154	0	0
gene_1082|GeneMark.hmm|531_nt|+|1360612|1361142	531	409.154	0	0
gene_1083|GeneMark.hmm|555_nt|+|1361291|1361845	555	433.154	0	0
gene_1084|GeneMark.hmm|1278_nt|+|1361946|1363223	1278	1156.15	0	0
gene_1085|GeneMark.hmm|2958_nt|+|1363186|1366143	2958	2836.15	0	0
gene_1086|GeneMark.hmm|4296_nt|-|1366365|1370660	4296	4174.15	0	0
gene_1087|GeneMark.hmm|582_nt|-|1371192|1371773	582	460.154	0	0
gene_1088|GeneMark.hmm|1095_nt|+|1371836|1372930	1095	973.154	0	0
gene_1089|GeneMark.hmm|489_nt|-|1372923|1373411	489	367.154	0	0
gene_1090|GeneMark.hmm|864_nt|-|1373508|1374371	864	742.154	0	0
gene_1091|GeneMark.hmm|1257_nt|+|1375226|1376482	1257	1135.15	0	0
gene_1092|GeneMark.hmm|483_nt|-|1376580|1377062	483	361.154	0	0
gene_1093|GeneMark.hmm|885_nt|-|1377143|1378027	885	763.154	0	0
gene_1094|GeneMark.hmm|1308_nt|+|1378225|1379532	1308	1186.15	0	0
gene_1095|GeneMark.hmm|579_nt|+|1379575|1380153	579	457.154	0	0
gene_1096|GeneMark.hmm|1869_nt|-|1380181|1382049	1869	1747.15	0	0
gene_1097|GeneMark.hmm|2946_nt|+|1382162|1385107	2946	2824.15	0	0
gene_1098|GeneMark.hmm|651_nt|-|1385136|1385786	651	529.154	0	0
gene_1099|GeneMark.hmm|348_nt|-|1385856|1386203	348	226.154	0	0
gene_1100|GeneMark.hmm|333_nt|-|1386222|1386554	333	211.154	0	0
gene_1101|GeneMark.hmm|672_nt|+|1387320|1387991	672	550.154	0	0
gene_1102|GeneMark.hmm|2664_nt|+|1390325|1392988	2664	2542.15	0	0
gene_1103|GeneMark.hmm|552_nt|+|1395114|1395665	552	430.154	0	0
gene_1104|GeneMark.hmm|417_nt|-|1395917|1396333	417	295.154	0	0
gene_1105|GeneMark.hmm|960_nt|-|1396409|1397368	960	838.154	0	0
gene_1106|GeneMark.hmm|756_nt|-|1397830|1398585	756	634.154	0	0
gene_1107|GeneMark.hmm|1962_nt|-|1398807|1400768	1962	1840.15	0	0
gene_1108|GeneMark.hmm|3405_nt|+|1400869|1404273	3405	3283.15	0	0
gene_1109|GeneMark.hmm|348_nt|-|1404255|1404602	348	226.154	0	0
gene_1110|GeneMark.hmm|1029_nt|-|1404641|1405669	1029	907.154	0	0
gene_1111|GeneMark.hmm|879_nt|-|1405706|1406584	879	757.154	0	0
gene_1112|GeneMark.hmm|318_nt|+|1406810|1407127	318	196.154	0	0
gene_1113|GeneMark.hmm|1206_nt|-|1407157|1408362	1206	1084.15	0	0
gene_1114|GeneMark.hmm|702_nt|-|1408889|1409590	702	580.154	0	0
gene_1115|GeneMark.hmm|729_nt|-|1409633|1410361	729	607.154	0	0
gene_1116|GeneMark.hmm|828_nt|-|1410420|1411247	828	706.154	0	0
gene_1117|GeneMark.hmm|705_nt|+|1411689|1412393	705	583.154	0	0
gene_1118|GeneMark.hmm|525_nt|-|1412575|1413099	525	403.154	0	0
gene_1119|GeneMark.hmm|1587_nt|-|1413830|1415416	1587	1465.15	0	0
gene_1120|GeneMark.hmm|741_nt|+|1416573|1417313	741	619.154	0	0
gene_1121|GeneMark.hmm|1029_nt|+|1419368|1420396	1029	907.154	0	0
